DATE,TICKER,PRC,Sector
2010-01-04,MSFT,30.95,IT
2010-01-05,MSFT,30.96,IT
2010-01-06,MSFT,30.77,IT
2010-01-07,MSFT,30.452,IT
2010-01-08,MSFT,30.66,IT
2010-01-11,MSFT,30.27,IT
2010-01-12,MSFT,30.07,IT
2010-01-13,MSFT,30.35,IT
2010-01-14,MSFT,30.96,IT
2010-01-15,MSFT,30.86,IT
2010-01-19,MSFT,31.1,IT
2010-01-20,MSFT,30.585,IT
2010-01-21,MSFT,30.01,IT
2010-01-22,MSFT,28.96,IT
2010-01-25,MSFT,29.32,IT
2010-01-26,MSFT,29.5,IT
2010-01-27,MSFT,29.67,IT
2010-01-28,MSFT,29.16,IT
2010-01-29,MSFT,28.18,IT
2010-02-01,MSFT,28.41,IT
2010-02-02,MSFT,28.46,IT
2010-02-03,MSFT,28.63,IT
2010-02-04,MSFT,27.84,IT
2010-02-05,MSFT,28.02,IT
2010-02-08,MSFT,27.72,IT
2010-02-09,MSFT,28.01,IT
2010-02-10,MSFT,27.99,IT
2010-02-11,MSFT,28.12,IT
2010-02-12,MSFT,27.93,IT
2010-02-16,MSFT,28.35,IT
2010-02-17,MSFT,28.59,IT
2010-02-18,MSFT,28.969,IT
2010-02-19,MSFT,28.77,IT
2010-02-22,MSFT,28.73,IT
2010-02-23,MSFT,28.33,IT
2010-02-24,MSFT,28.63,IT
2010-02-25,MSFT,28.6,IT
2010-02-26,MSFT,28.67,IT
2010-03-01,MSFT,29.02,IT
2010-03-02,MSFT,28.46,IT
2010-03-03,MSFT,28.46,IT
2010-03-04,MSFT,28.63,IT
2010-03-05,MSFT,28.5875,IT
2010-03-08,MSFT,28.63,IT
2010-03-09,MSFT,28.8,IT
2010-03-10,MSFT,28.97,IT
2010-03-11,MSFT,29.18,IT
2010-03-12,MSFT,29.27,IT
2010-03-15,MSFT,29.29,IT
2010-03-16,MSFT,29.37,IT
2010-03-17,MSFT,29.63,IT
2010-03-18,MSFT,29.61,IT
2010-03-19,MSFT,29.59,IT
2010-03-22,MSFT,29.6,IT
2010-03-23,MSFT,29.88,IT
2010-03-24,MSFT,29.65,IT
2010-03-25,MSFT,30.01,IT
2010-03-26,MSFT,29.66,IT
2010-03-29,MSFT,29.59,IT
2010-03-30,MSFT,29.77,IT
2010-03-31,MSFT,29.2875,IT
2010-04-01,MSFT,29.16,IT
2010-04-05,MSFT,29.27,IT
2010-04-06,MSFT,29.32,IT
2010-04-07,MSFT,29.35,IT
2010-04-08,MSFT,29.92,IT
2010-04-09,MSFT,30.34,IT
2010-04-12,MSFT,30.32,IT
2010-04-13,MSFT,30.45,IT
2010-04-14,MSFT,30.82,IT
2010-04-15,MSFT,30.87,IT
2010-04-16,MSFT,30.67,IT
2010-04-19,MSFT,31.039,IT
2010-04-20,MSFT,31.36,IT
2010-04-21,MSFT,31.332,IT
2010-04-22,MSFT,31.39,IT
2010-04-23,MSFT,30.96,IT
2010-04-26,MSFT,31.11,IT
2010-04-27,MSFT,30.845,IT
2010-04-28,MSFT,30.91,IT
2010-04-29,MSFT,31.003,IT
2010-04-30,MSFT,30.535,IT
2010-05-03,MSFT,30.86,IT
2010-05-04,MSFT,30.13,IT
2010-05-05,MSFT,29.85,IT
2010-05-06,MSFT,28.98,IT
2010-05-07,MSFT,28.21,IT
2010-05-10,MSFT,28.94,IT
2010-05-11,MSFT,28.88,IT
2010-05-12,MSFT,29.44,IT
2010-05-13,MSFT,29.24,IT
2010-05-14,MSFT,28.93,IT
2010-05-17,MSFT,28.94,IT
2010-05-18,MSFT,28.5975,IT
2010-05-19,MSFT,28.24,IT
2010-05-20,MSFT,27.11,IT
2010-05-21,MSFT,26.84,IT
2010-05-24,MSFT,26.27,IT
2010-05-25,MSFT,26.07,IT
2010-05-26,MSFT,25.01,IT
2010-05-27,MSFT,26,IT
2010-05-28,MSFT,25.8,IT
2010-06-01,MSFT,25.89,IT
2010-06-02,MSFT,26.46,IT
2010-06-03,MSFT,26.86,IT
2010-06-04,MSFT,25.79,IT
2010-06-07,MSFT,25.29,IT
2010-06-08,MSFT,25.11,IT
2010-06-09,MSFT,24.79,IT
2010-06-10,MSFT,25,IT
2010-06-11,MSFT,25.66,IT
2010-06-14,MSFT,25.495,IT
2010-06-15,MSFT,26.5825,IT
2010-06-16,MSFT,26.32,IT
2010-06-17,MSFT,26.37,IT
2010-06-18,MSFT,26.44,IT
2010-06-21,MSFT,25.95,IT
2010-06-22,MSFT,25.77,IT
2010-06-23,MSFT,25.308,IT
2010-06-24,MSFT,25,IT
2010-06-25,MSFT,24.5325,IT
2010-06-28,MSFT,24.31,IT
2010-06-29,MSFT,23.31,IT
2010-06-30,MSFT,23.01,IT
2010-07-01,MSFT,23.16,IT
2010-07-02,MSFT,23.27,IT
2010-07-06,MSFT,23.82,IT
2010-07-07,MSFT,24.3,IT
2010-07-08,MSFT,24.4095,IT
2010-07-09,MSFT,24.27,IT
2010-07-12,MSFT,24.83,IT
2010-07-13,MSFT,25.13,IT
2010-07-14,MSFT,25.44,IT
2010-07-15,MSFT,25.51,IT
2010-07-16,MSFT,24.89,IT
2010-07-19,MSFT,25.23,IT
2010-07-20,MSFT,25.48,IT
2010-07-21,MSFT,25.12,IT
2010-07-22,MSFT,25.84,IT
2010-07-23,MSFT,25.81,IT
2010-07-26,MSFT,26.1,IT
2010-07-27,MSFT,26.16,IT
2010-07-28,MSFT,25.95,IT
2010-07-29,MSFT,26.03,IT
2010-07-30,MSFT,25.81,IT
2010-08-02,MSFT,26.33,IT
2010-08-03,MSFT,26.16,IT
2010-08-04,MSFT,25.73,IT
2010-08-05,MSFT,25.37,IT
2010-08-06,MSFT,25.55,IT
2010-08-09,MSFT,25.61,IT
2010-08-10,MSFT,25.07,IT
2010-08-11,MSFT,24.86,IT
2010-08-12,MSFT,24.49,IT
2010-08-13,MSFT,24.4,IT
2010-08-16,MSFT,24.5,IT
2010-08-17,MSFT,24.71,IT
2010-08-18,MSFT,24.82,IT
2010-08-19,MSFT,24.44,IT
2010-08-20,MSFT,24.23,IT
2010-08-23,MSFT,24.28,IT
2010-08-24,MSFT,24.04,IT
2010-08-25,MSFT,24.1,IT
2010-08-26,MSFT,23.82,IT
2010-08-27,MSFT,23.93,IT
2010-08-30,MSFT,23.64,IT
2010-08-31,MSFT,23.465,IT
2010-09-01,MSFT,23.9,IT
2010-09-02,MSFT,23.94,IT
2010-09-03,MSFT,24.29,IT
2010-09-07,MSFT,23.96,IT
2010-09-08,MSFT,23.93,IT
2010-09-09,MSFT,24.01,IT
2010-09-10,MSFT,23.85,IT
2010-09-13,MSFT,25.11,IT
2010-09-14,MSFT,25.03,IT
2010-09-15,MSFT,25.115,IT
2010-09-16,MSFT,25.33,IT
2010-09-17,MSFT,25.22,IT
2010-09-20,MSFT,25.43,IT
2010-09-21,MSFT,25.15,IT
2010-09-22,MSFT,24.61,IT
2010-09-23,MSFT,24.43,IT
2010-09-24,MSFT,24.775,IT
2010-09-27,MSFT,24.7325,IT
2010-09-28,MSFT,24.6775,IT
2010-09-29,MSFT,24.5,IT
2010-09-30,MSFT,24.49,IT
2010-10-01,MSFT,24.38,IT
2010-10-04,MSFT,23.91,IT
2010-10-05,MSFT,24.35,IT
2010-10-06,MSFT,24.43,IT
2010-10-07,MSFT,24.53,IT
2010-10-08,MSFT,24.57,IT
2010-10-11,MSFT,24.59,IT
2010-10-12,MSFT,24.83,IT
2010-10-13,MSFT,25.34,IT
2010-10-14,MSFT,25.23,IT
2010-10-15,MSFT,25.54,IT
2010-10-18,MSFT,25.82,IT
2010-10-19,MSFT,25.1,IT
2010-10-20,MSFT,25.31,IT
2010-10-21,MSFT,25.42,IT
2010-10-22,MSFT,25.3775,IT
2010-10-25,MSFT,25.19,IT
2010-10-26,MSFT,25.9,IT
2010-10-27,MSFT,26.05,IT
2010-10-28,MSFT,26.28,IT
2010-10-29,MSFT,26.665,IT
2010-11-01,MSFT,26.95,IT
2010-11-02,MSFT,27.39,IT
2010-11-03,MSFT,27.03,IT
2010-11-04,MSFT,27.14,IT
2010-11-05,MSFT,26.85,IT
2010-11-08,MSFT,26.81,IT
2010-11-09,MSFT,26.95,IT
2010-11-10,MSFT,26.94,IT
2010-11-11,MSFT,26.68,IT
2010-11-12,MSFT,26.27,IT
2010-11-15,MSFT,26.2,IT
2010-11-16,MSFT,25.81,IT
2010-11-17,MSFT,25.57,IT
2010-11-18,MSFT,25.8375,IT
2010-11-19,MSFT,25.69,IT
2010-11-22,MSFT,25.73,IT
2010-11-23,MSFT,25.12,IT
2010-11-24,MSFT,25.37,IT
2010-11-26,MSFT,25.34,IT
2010-11-29,MSFT,25.31,IT
2010-11-30,MSFT,25.2575,IT
2010-12-01,MSFT,26.04,IT
2010-12-02,MSFT,26.89,IT
2010-12-03,MSFT,27.02,IT
2010-12-06,MSFT,26.84,IT
2010-12-07,MSFT,26.87,IT
2010-12-08,MSFT,27.23,IT
2010-12-09,MSFT,27.08,IT
2010-12-10,MSFT,27.34,IT
2010-12-13,MSFT,27.245,IT
2010-12-14,MSFT,27.62,IT
2010-12-15,MSFT,27.85,IT
2010-12-16,MSFT,27.9875,IT
2010-12-17,MSFT,27.9025,IT
2010-12-20,MSFT,27.81,IT
2010-12-21,MSFT,28.07,IT
2010-12-22,MSFT,28.1875,IT
2010-12-23,MSFT,28.3,IT
2010-12-27,MSFT,28.07,IT
2010-12-28,MSFT,28.01,IT
2010-12-29,MSFT,27.97,IT
2010-12-30,MSFT,27.85,IT
2010-12-31,MSFT,27.91,IT
2010-01-04,KO,57.04,Consumer
2010-01-05,KO,56.35,Consumer
2010-01-06,KO,56.33,Consumer
2010-01-07,KO,56.19,Consumer
2010-01-08,KO,55.15,Consumer
2010-01-11,KO,56.27,Consumer
2010-01-12,KO,56.88,Consumer
2010-01-13,KO,57.03,Consumer
2010-01-14,KO,57.13,Consumer
2010-01-15,KO,56.29,Consumer
2010-01-19,KO,56.42,Consumer
2010-01-20,KO,55.5,Consumer
2010-01-21,KO,54.37,Consumer
2010-01-22,KO,54.24,Consumer
2010-01-25,KO,54.35,Consumer
2010-01-26,KO,54.14,Consumer
2010-01-27,KO,54.51,Consumer
2010-01-28,KO,54.18,Consumer
2010-01-29,KO,54.25,Consumer
2010-02-01,KO,54.38,Consumer
2010-02-02,KO,55.05,Consumer
2010-02-03,KO,54.87,Consumer
2010-02-04,KO,53.43,Consumer
2010-02-05,KO,53.09,Consumer
2010-02-08,KO,52.65,Consumer
2010-02-09,KO,54.01,Consumer
2010-02-10,KO,53.79,Consumer
2010-02-11,KO,54.22,Consumer
2010-02-12,KO,53.98,Consumer
2010-02-16,KO,54.82,Consumer
2010-02-17,KO,55.33,Consumer
2010-02-18,KO,55.91,Consumer
2010-02-19,KO,55.72,Consumer
2010-02-22,KO,55.38,Consumer
2010-02-23,KO,54.83,Consumer
2010-02-24,KO,55.16,Consumer
2010-02-25,KO,53.12,Consumer
2010-02-26,KO,52.72,Consumer
2010-03-01,KO,53.27,Consumer
2010-03-02,KO,53.3,Consumer
2010-03-03,KO,53.93,Consumer
2010-03-04,KO,54.47,Consumer
2010-03-05,KO,54.7,Consumer
2010-03-08,KO,54.46,Consumer
2010-03-09,KO,54.18,Consumer
2010-03-10,KO,54.2,Consumer
2010-03-11,KO,53.6,Consumer
2010-03-12,KO,53.35,Consumer
2010-03-15,KO,53.65,Consumer
2010-03-16,KO,53.7,Consumer
2010-03-17,KO,53.84,Consumer
2010-03-18,KO,53.95,Consumer
2010-03-19,KO,54.75,Consumer
2010-03-22,KO,54.54,Consumer
2010-03-23,KO,55.3,Consumer
2010-03-24,KO,54.62,Consumer
2010-03-25,KO,54.8,Consumer
2010-03-26,KO,54.65,Consumer
2010-03-29,KO,54.77,Consumer
2010-03-30,KO,54.87,Consumer
2010-03-31,KO,55,Consumer
2010-04-01,KO,55.3,Consumer
2010-04-05,KO,54.86,Consumer
2010-04-06,KO,54.29,Consumer
2010-04-07,KO,53.82,Consumer
2010-04-08,KO,53.76,Consumer
2010-04-09,KO,54.59,Consumer
2010-04-12,KO,54.76,Consumer
2010-04-13,KO,55.02,Consumer
2010-04-14,KO,54.95,Consumer
2010-04-15,KO,54.26,Consumer
2010-04-16,KO,54.97,Consumer
2010-04-19,KO,55.32,Consumer
2010-04-20,KO,54.47,Consumer
2010-04-21,KO,54.19,Consumer
2010-04-22,KO,54.31,Consumer
2010-04-23,KO,53.88,Consumer
2010-04-26,KO,53.73,Consumer
2010-04-27,KO,52.87,Consumer
2010-04-28,KO,53.36,Consumer
2010-04-29,KO,53.74,Consumer
2010-04-30,KO,53.45,Consumer
2010-05-03,KO,53.76,Consumer
2010-05-04,KO,53.18,Consumer
2010-05-05,KO,53.66,Consumer
2010-05-06,KO,52.3,Consumer
2010-05-07,KO,52.67,Consumer
2010-05-10,KO,54.04,Consumer
2010-05-11,KO,53.61,Consumer
2010-05-12,KO,54.02,Consumer
2010-05-13,KO,53.49,Consumer
2010-05-14,KO,53.34,Consumer
2010-05-17,KO,53.41,Consumer
2010-05-18,KO,53.1,Consumer
2010-05-19,KO,53.12,Consumer
2010-05-20,KO,51.54,Consumer
2010-05-21,KO,51.59,Consumer
2010-05-24,KO,51.46,Consumer
2010-05-25,KO,50.62,Consumer
2010-05-26,KO,50.08,Consumer
2010-05-27,KO,51.23,Consumer
2010-05-28,KO,51.4,Consumer
2010-06-01,KO,51.29,Consumer
2010-06-02,KO,52.41,Consumer
2010-06-03,KO,52.75,Consumer
2010-06-04,KO,51.27,Consumer
2010-06-07,KO,50.8,Consumer
2010-06-08,KO,51.56,Consumer
2010-06-09,KO,51.35,Consumer
2010-06-10,KO,52.45,Consumer
2010-06-11,KO,51.65,Consumer
2010-06-14,KO,51.51,Consumer
2010-06-15,KO,52.18,Consumer
2010-06-16,KO,52.4,Consumer
2010-06-17,KO,52.36,Consumer
2010-06-18,KO,52.31,Consumer
2010-06-21,KO,52.48,Consumer
2010-06-22,KO,52.46,Consumer
2010-06-23,KO,52.24,Consumer
2010-06-24,KO,51.8,Consumer
2010-06-25,KO,50.26,Consumer
2010-06-28,KO,51.08,Consumer
2010-06-29,KO,50.33,Consumer
2010-06-30,KO,50.12,Consumer
2010-07-01,KO,50.03,Consumer
2010-07-02,KO,50.05,Consumer
2010-07-06,KO,50.43,Consumer
2010-07-07,KO,51.47,Consumer
2010-07-08,KO,52.42,Consumer
2010-07-09,KO,52.4,Consumer
2010-07-12,KO,52.45,Consumer
2010-07-13,KO,52.72,Consumer
2010-07-14,KO,52.82,Consumer
2010-07-15,KO,52.85,Consumer
2010-07-16,KO,52.37,Consumer
2010-07-19,KO,52.27,Consumer
2010-07-20,KO,53.24,Consumer
2010-07-21,KO,54.08,Consumer
2010-07-22,KO,54.26,Consumer
2010-07-23,KO,54.75,Consumer
2010-07-26,KO,54.94,Consumer
2010-07-27,KO,55.05,Consumer
2010-07-28,KO,54.88,Consumer
2010-07-29,KO,54.99,Consumer
2010-07-30,KO,55.11,Consumer
2010-08-02,KO,56.41,Consumer
2010-08-03,KO,56.38,Consumer
2010-08-04,KO,56.55,Consumer
2010-08-05,KO,56.37,Consumer
2010-08-06,KO,56.75,Consumer
2010-08-09,KO,57.11,Consumer
2010-08-10,KO,56.98,Consumer
2010-08-11,KO,56.04,Consumer
2010-08-12,KO,55.69,Consumer
2010-08-13,KO,55.73,Consumer
2010-08-16,KO,55.88,Consumer
2010-08-17,KO,56.12,Consumer
2010-08-18,KO,55.84,Consumer
2010-08-19,KO,55.28,Consumer
2010-08-20,KO,55.3,Consumer
2010-08-23,KO,55.6,Consumer
2010-08-24,KO,55.66,Consumer
2010-08-25,KO,55.39,Consumer
2010-08-26,KO,55.16,Consumer
2010-08-27,KO,56.16,Consumer
2010-08-30,KO,55.55,Consumer
2010-08-31,KO,55.8825,Consumer
2010-09-01,KO,57.31,Consumer
2010-09-02,KO,57.38,Consumer
2010-09-03,KO,57.56,Consumer
2010-09-07,KO,57.63,Consumer
2010-09-08,KO,57.83,Consumer
2010-09-09,KO,58.29,Consumer
2010-09-10,KO,58.52,Consumer
2010-09-13,KO,58.03,Consumer
2010-09-14,KO,57.59,Consumer
2010-09-15,KO,57.42,Consumer
2010-09-16,KO,57.51,Consumer
2010-09-17,KO,57.56,Consumer
2010-09-20,KO,57.97,Consumer
2010-09-21,KO,58.11,Consumer
2010-09-22,KO,58.23,Consumer
2010-09-23,KO,57.87,Consumer
2010-09-24,KO,58.62,Consumer
2010-09-27,KO,58.6,Consumer
2010-09-28,KO,59.1,Consumer
2010-09-29,KO,58.76,Consumer
2010-09-30,KO,58.52,Consumer
2010-10-01,KO,59.12,Consumer
2010-10-04,KO,58.88,Consumer
2010-10-05,KO,59.66,Consumer
2010-10-06,KO,59.8,Consumer
2010-10-07,KO,59.44,Consumer
2010-10-08,KO,59.41,Consumer
2010-10-11,KO,59.56,Consumer
2010-10-12,KO,59.6,Consumer
2010-10-13,KO,59.94,Consumer
2010-10-14,KO,59.91,Consumer
2010-10-15,KO,59.94,Consumer
2010-10-18,KO,60,Consumer
2010-10-19,KO,60.34,Consumer
2010-10-20,KO,61.15,Consumer
2010-10-21,KO,61.47,Consumer
2010-10-22,KO,61.61,Consumer
2010-10-25,KO,61.01,Consumer
2010-10-26,KO,61.24,Consumer
2010-10-27,KO,61.19,Consumer
2010-10-28,KO,61.21,Consumer
2010-10-29,KO,61.32,Consumer
2010-11-01,KO,61.71,Consumer
2010-11-02,KO,61.86,Consumer
2010-11-03,KO,61.95,Consumer
2010-11-04,KO,62.45,Consumer
2010-11-05,KO,62.58,Consumer
2010-11-08,KO,62.46,Consumer
2010-11-09,KO,62.64,Consumer
2010-11-10,KO,62.55,Consumer
2010-11-11,KO,62.8,Consumer
2010-11-12,KO,62.92,Consumer
2010-11-15,KO,62.96,Consumer
2010-11-16,KO,62.08,Consumer
2010-11-17,KO,62.52,Consumer
2010-11-18,KO,63.84,Consumer
2010-11-19,KO,64.32,Consumer
2010-11-22,KO,64.27,Consumer
2010-11-23,KO,63.62,Consumer
2010-11-24,KO,64.61,Consumer
2010-11-26,KO,64.19,Consumer
2010-11-29,KO,63.39,Consumer
2010-11-30,KO,63.17,Consumer
2010-12-01,KO,64.7,Consumer
2010-12-02,KO,64.9,Consumer
2010-12-03,KO,64.5,Consumer
2010-12-06,KO,63.99,Consumer
2010-12-07,KO,64.14,Consumer
2010-12-08,KO,64.39,Consumer
2010-12-09,KO,64.83,Consumer
2010-12-10,KO,64.65,Consumer
2010-12-13,KO,64.85,Consumer
2010-12-14,KO,63.9,Consumer
2010-12-15,KO,64.74,Consumer
2010-12-16,KO,65.34,Consumer
2010-12-17,KO,65.7,Consumer
2010-12-20,KO,65.31,Consumer
2010-12-21,KO,65.49,Consumer
2010-12-22,KO,65.59,Consumer
2010-12-23,KO,65.58,Consumer
2010-12-27,KO,65.07,Consumer
2010-12-28,KO,65.36,Consumer
2010-12-29,KO,65.45,Consumer
2010-12-30,KO,65.5,Consumer
2010-12-31,KO,65.77,Consumer
2010-01-04,XOM,69.15,Energy
2010-01-05,XOM,69.42,Energy
2010-01-06,XOM,70.02,Energy
2010-01-07,XOM,69.8,Energy
2010-01-08,XOM,69.52,Energy
2010-01-11,XOM,70.3,Energy
2010-01-12,XOM,69.95,Energy
2010-01-13,XOM,69.67,Energy
2010-01-14,XOM,69.68,Energy
2010-01-15,XOM,69.11,Energy
2010-01-19,XOM,69.27,Energy
2010-01-20,XOM,68.03,Energy
2010-01-21,XOM,66.7,Energy
2010-01-22,XOM,66.1,Energy
2010-01-25,XOM,65.85,Energy
2010-01-26,XOM,65.92,Energy
2010-01-27,XOM,65.54,Energy
2010-01-28,XOM,64.96,Energy
2010-01-29,XOM,64.43,Energy
2010-02-01,XOM,66.18,Energy
2010-02-02,XOM,66.96,Energy
2010-02-03,XOM,66.6,Energy
2010-02-04,XOM,64.72,Energy
2010-02-05,XOM,64.8,Energy
2010-02-08,XOM,64.35,Energy
2010-02-09,XOM,65.2,Energy
2010-02-10,XOM,64.85,Energy
2010-02-11,XOM,65.24,Energy
2010-02-12,XOM,64.8,Energy
2010-02-16,XOM,66.28,Energy
2010-02-17,XOM,65.76,Energy
2010-02-18,XOM,65.96,Energy
2010-02-19,XOM,65.87,Energy
2010-02-22,XOM,65.4,Energy
2010-02-23,XOM,64.94,Energy
2010-02-24,XOM,65.55,Energy
2010-02-25,XOM,65.14,Energy
2010-02-26,XOM,65,Energy
2010-03-01,XOM,65.4,Energy
2010-03-02,XOM,65.49,Energy
2010-03-03,XOM,65.43,Energy
2010-03-04,XOM,65.4,Energy
2010-03-05,XOM,66.47,Energy
2010-03-08,XOM,66.48,Energy
2010-03-09,XOM,66.78,Energy
2010-03-10,XOM,67.22,Energy
2010-03-11,XOM,67.22,Energy
2010-03-12,XOM,66.8,Energy
2010-03-15,XOM,66.3,Energy
2010-03-16,XOM,66.57,Energy
2010-03-17,XOM,67.36,Energy
2010-03-18,XOM,67.39,Energy
2010-03-19,XOM,67.04,Energy
2010-03-22,XOM,66.97,Energy
2010-03-23,XOM,66.95,Energy
2010-03-24,XOM,66.5,Energy
2010-03-25,XOM,66.3,Energy
2010-03-26,XOM,66.54,Energy
2010-03-29,XOM,67.3,Energy
2010-03-30,XOM,67.05,Energy
2010-03-31,XOM,66.98,Energy
2010-04-01,XOM,67.61,Energy
2010-04-05,XOM,68.19,Energy
2010-04-06,XOM,67.9,Energy
2010-04-07,XOM,67.34,Energy
2010-04-08,XOM,67.86,Energy
2010-04-09,XOM,68.76,Energy
2010-04-12,XOM,68.71,Energy
2010-04-13,XOM,68.66,Energy
2010-04-14,XOM,68.61,Energy
2010-04-15,XOM,68.26,Energy
2010-04-16,XOM,67.93,Energy
2010-04-19,XOM,68.23,Energy
2010-04-20,XOM,68.97,Energy
2010-04-21,XOM,68.92,Energy
2010-04-22,XOM,68.56,Energy
2010-04-23,XOM,69.24,Energy
2010-04-26,XOM,69.29,Energy
2010-04-27,XOM,68.27,Energy
2010-04-28,XOM,69.19,Energy
2010-04-29,XOM,68.66,Energy
2010-04-30,XOM,67.77,Energy
2010-05-03,XOM,67.84,Energy
2010-05-04,XOM,66.47,Energy
2010-05-05,XOM,66.17,Energy
2010-05-06,XOM,63.89,Energy
2010-05-07,XOM,63.7,Energy
2010-05-10,XOM,65.23,Energy
2010-05-11,XOM,64.46,Energy
2010-05-12,XOM,64.91,Energy
2010-05-13,XOM,64.74,Energy
2010-05-14,XOM,63.6,Energy
2010-05-17,XOM,63.27,Energy
2010-05-18,XOM,62.79,Energy
2010-05-19,XOM,62.45,Energy
2010-05-20,XOM,60.33,Energy
2010-05-21,XOM,60.88,Energy
2010-05-24,XOM,60.19,Energy
2010-05-25,XOM,59.71,Energy
2010-05-26,XOM,59.31,Energy
2010-05-27,XOM,61.46,Energy
2010-05-28,XOM,60.46,Energy
2010-06-01,XOM,59.25,Energy
2010-06-02,XOM,60.77,Energy
2010-06-03,XOM,61.56,Energy
2010-06-04,XOM,59.525,Energy
2010-06-07,XOM,59.3,Energy
2010-06-08,XOM,61.24,Energy
2010-06-09,XOM,60.03,Energy
2010-06-10,XOM,61.89,Energy
2010-06-11,XOM,61.86,Energy
2010-06-14,XOM,61.37,Energy
2010-06-15,XOM,62.51,Energy
2010-06-16,XOM,62.51,Energy
2010-06-17,XOM,62.6,Energy
2010-06-18,XOM,63.1,Energy
2010-06-21,XOM,63.13,Energy
2010-06-22,XOM,61.94,Energy
2010-06-23,XOM,61.1,Energy
2010-06-24,XOM,60.07,Energy
2010-06-25,XOM,59.1,Energy
2010-06-28,XOM,58.47,Energy
2010-06-29,XOM,57.29,Energy
2010-06-30,XOM,57.07,Energy
2010-07-01,XOM,56.61,Energy
2010-07-02,XOM,56.57,Energy
2010-07-06,XOM,57.46,Energy
2010-07-07,XOM,58.43,Energy
2010-07-08,XOM,58.81,Energy
2010-07-09,XOM,58.78,Energy
2010-07-12,XOM,58.94,Energy
2010-07-13,XOM,59.42,Energy
2010-07-14,XOM,59.26,Energy
2010-07-15,XOM,59.27,Energy
2010-07-16,XOM,57.96,Energy
2010-07-19,XOM,58.43,Energy
2010-07-20,XOM,58.95,Energy
2010-07-21,XOM,58.17,Energy
2010-07-22,XOM,59.38,Energy
2010-07-23,XOM,59.72,Energy
2010-07-26,XOM,60.39,Energy
2010-07-27,XOM,60.81,Energy
2010-07-28,XOM,60.91,Energy
2010-07-29,XOM,60.34,Energy
2010-07-30,XOM,59.68,Energy
2010-08-02,XOM,61.94,Energy
2010-08-03,XOM,62.72,Energy
2010-08-04,XOM,62.72,Energy
2010-08-05,XOM,62.71,Energy
2010-08-06,XOM,61.97,Energy
2010-08-09,XOM,62.45,Energy
2010-08-10,XOM,61.93,Energy
2010-08-11,XOM,60.39,Energy
2010-08-12,XOM,60.23,Energy
2010-08-13,XOM,59.91,Energy
2010-08-16,XOM,59.88,Energy
2010-08-17,XOM,60.82,Energy
2010-08-18,XOM,60.15,Energy
2010-08-19,XOM,59.29,Energy
2010-08-20,XOM,58.89,Energy
2010-08-23,XOM,59.5,Energy
2010-08-24,XOM,58.94,Energy
2010-08-25,XOM,58.91,Energy
2010-08-26,XOM,58.48,Energy
2010-08-27,XOM,59.8,Energy
2010-08-30,XOM,59,Energy
2010-08-31,XOM,59.11,Energy
2010-09-01,XOM,60.91,Energy
2010-09-02,XOM,61.06,Energy
2010-09-03,XOM,61.32,Energy
2010-09-07,XOM,60.55,Energy
2010-09-08,XOM,60.75,Energy
2010-09-09,XOM,61.05,Energy
2010-09-10,XOM,61.2,Energy
2010-09-13,XOM,61,Energy
2010-09-14,XOM,61.01,Energy
2010-09-15,XOM,61,Energy
2010-09-16,XOM,60.97,Energy
2010-09-17,XOM,60.78,Energy
2010-09-20,XOM,61.55,Energy
2010-09-21,XOM,61.54,Energy
2010-09-22,XOM,61.45,Energy
2010-09-23,XOM,61.15,Energy
2010-09-24,XOM,61.75,Energy
2010-09-27,XOM,61.71,Energy
2010-09-28,XOM,62.06,Energy
2010-09-29,XOM,61.59,Energy
2010-09-30,XOM,61.79,Energy
2010-10-01,XOM,62.54,Energy
2010-10-04,XOM,62.19,Energy
2010-10-05,XOM,63.26,Energy
2010-10-06,XOM,63.94,Energy
2010-10-07,XOM,63.85,Energy
2010-10-08,XOM,64.38,Energy
2010-10-11,XOM,64.55,Energy
2010-10-12,XOM,64.7,Energy
2010-10-13,XOM,65.04,Energy
2010-10-14,XOM,65.3,Energy
2010-10-15,XOM,65.19,Energy
2010-10-18,XOM,66.28,Energy
2010-10-19,XOM,65.12,Energy
2010-10-20,XOM,66.01,Energy
2010-10-21,XOM,66.32,Energy
2010-10-22,XOM,66.34,Energy
2010-10-25,XOM,66.2,Energy
2010-10-26,XOM,66.53,Energy
2010-10-27,XOM,65.67,Energy
2010-10-28,XOM,66.22,Energy
2010-10-29,XOM,66.49,Energy
2010-11-01,XOM,66.95,Energy
2010-11-02,XOM,67.84,Energy
2010-11-03,XOM,67.97,Energy
2010-11-04,XOM,69.38,Energy
2010-11-05,XOM,70,Energy
2010-11-08,XOM,70.32,Energy
2010-11-09,XOM,70.63,Energy
2010-11-10,XOM,71.13,Energy
2010-11-11,XOM,71.83,Energy
2010-11-12,XOM,70.99,Energy
2010-11-15,XOM,70.48,Energy
2010-11-16,XOM,68.94,Energy
2010-11-17,XOM,69.01,Energy
2010-11-18,XOM,70.31,Energy
2010-11-19,XOM,70.54,Energy
2010-11-22,XOM,70.19,Energy
2010-11-23,XOM,68.98,Energy
2010-11-24,XOM,69.88,Energy
2010-11-26,XOM,69.27,Energy
2010-11-29,XOM,69.45,Energy
2010-11-30,XOM,69.56,Energy
2010-12-01,XOM,71.33,Energy
2010-12-02,XOM,71.48,Energy
2010-12-03,XOM,71.19,Energy
2010-12-06,XOM,71.31,Energy
2010-12-07,XOM,71.46,Energy
2010-12-08,XOM,71.85,Energy
2010-12-09,XOM,72,Energy
2010-12-10,XOM,72.18,Energy
2010-12-13,XOM,72.36,Energy
2010-12-14,XOM,72.18,Energy
2010-12-15,XOM,71.85,Energy
2010-12-16,XOM,72.22,Energy
2010-12-17,XOM,72.17,Energy
2010-12-20,XOM,72.22,Energy
2010-12-21,XOM,72.72,Energy
2010-12-22,XOM,72.8,Energy
2010-12-23,XOM,73.2,Energy
2010-12-27,XOM,73.01,Energy
2010-12-28,XOM,73.42,Energy
2010-12-29,XOM,73.37,Energy
2010-12-30,XOM,73.36,Energy
2010-12-31,XOM,73.12,Energy
2010-01-04,BA,56.18,Financial
2010-01-05,BA,58.02,Financial
2010-01-06,BA,59.78,Financial
2010-01-07,BA,62.2,Financial
2010-01-08,BA,61.6,Financial
2010-01-11,BA,60.87,Financial
2010-01-12,BA,60.43,Financial
2010-01-13,BA,61.16,Financial
2010-01-14,BA,61.56,Financial
2010-01-15,BA,60.82,Financial
2010-01-19,BA,60.65,Financial
2010-01-20,BA,60.2,Financial
2010-01-21,BA,59.2,Financial
2010-01-22,BA,57.77,Financial
2010-01-25,BA,57.78,Financial
2010-01-26,BA,57.71,Financial
2010-01-27,BA,61.93,Financial
2010-01-28,BA,62.56,Financial
2010-01-29,BA,60.6,Financial
2010-02-01,BA,61.7,Financial
2010-02-02,BA,61.94,Financial
2010-02-03,BA,61.46,Financial
2010-02-04,BA,59.32,Financial
2010-02-05,BA,58.4,Financial
2010-02-08,BA,57.89,Financial
2010-02-09,BA,59.74,Financial
2010-02-10,BA,59.54,Financial
2010-02-11,BA,60.59,Financial
2010-02-12,BA,59.65,Financial
2010-02-16,BA,61.26,Financial
2010-02-17,BA,61.82,Financial
2010-02-18,BA,62.89,Financial
2010-02-19,BA,63.59,Financial
2010-02-22,BA,63.97,Financial
2010-02-23,BA,62.77,Financial
2010-02-24,BA,63.48,Financial
2010-02-25,BA,62.87,Financial
2010-02-26,BA,63.16,Financial
2010-03-01,BA,64,Financial
2010-03-02,BA,64.44,Financial
2010-03-03,BA,64.45,Financial
2010-03-04,BA,65.55,Financial
2010-03-05,BA,67.93,Financial
2010-03-08,BA,67.24,Financial
2010-03-09,BA,67.79,Financial
2010-03-10,BA,70.01,Financial
2010-03-11,BA,70.07,Financial
2010-03-12,BA,69.83,Financial
2010-03-15,BA,69.4,Financial
2010-03-16,BA,68.72,Financial
2010-03-17,BA,69.38,Financial
2010-03-18,BA,70.87,Financial
2010-03-19,BA,70.72,Financial
2010-03-22,BA,71.91,Financial
2010-03-23,BA,72.18,Financial
2010-03-24,BA,72.32,Financial
2010-03-25,BA,72.49,Financial
2010-03-26,BA,72.59,Financial
2010-03-29,BA,74.11,Financial
2010-03-30,BA,73.53,Financial
2010-03-31,BA,72.61,Financial
2010-04-01,BA,72.99,Financial
2010-04-05,BA,72.04,Financial
2010-04-06,BA,72.36,Financial
2010-04-07,BA,72.1,Financial
2010-04-08,BA,72.28,Financial
2010-04-09,BA,72.42,Financial
2010-04-12,BA,71.92,Financial
2010-04-13,BA,71.19,Financial
2010-04-14,BA,71.7,Financial
2010-04-15,BA,72.09,Financial
2010-04-16,BA,70.79,Financial
2010-04-19,BA,70.96,Financial
2010-04-20,BA,71.41,Financial
2010-04-21,BA,74.16,Financial
2010-04-22,BA,75.59,Financial
2010-04-23,BA,75.13,Financial
2010-04-26,BA,74.34,Financial
2010-04-27,BA,72.48,Financial
2010-04-28,BA,72.37,Financial
2010-04-29,BA,73.79,Financial
2010-04-30,BA,72.43,Financial
2010-05-03,BA,74.39,Financial
2010-05-04,BA,72.79,Financial
2010-05-05,BA,71,Financial
2010-05-06,BA,67.97,Financial
2010-05-07,BA,66.72,Financial
2010-05-10,BA,71,Financial
2010-05-11,BA,71.42,Financial
2010-05-12,BA,72.87,Financial
2010-05-13,BA,71.76,Financial
2010-05-14,BA,69.82,Financial
2010-05-17,BA,69.68,Financial
2010-05-18,BA,67.725,Financial
2010-05-19,BA,66.21,Financial
2010-05-20,BA,63,Financial
2010-05-21,BA,64.56,Financial
2010-05-24,BA,63.15,Financial
2010-05-25,BA,62.78,Financial
2010-05-26,BA,63.26,Financial
2010-05-27,BA,65.13,Financial
2010-05-28,BA,64.18,Financial
2010-06-01,BA,62.95,Financial
2010-06-02,BA,64.34,Financial
2010-06-03,BA,64.31,Financial
2010-06-04,BA,61.1525,Financial
2010-06-07,BA,60.11,Financial
2010-06-08,BA,61.015,Financial
2010-06-09,BA,61.71,Financial
2010-06-10,BA,63.89,Financial
2010-06-11,BA,65.38,Financial
2010-06-14,BA,64.82,Financial
2010-06-15,BA,67.48,Financial
2010-06-16,BA,67.03,Financial
2010-06-17,BA,67.26,Financial
2010-06-18,BA,67.96,Financial
2010-06-21,BA,67.97,Financial
2010-06-22,BA,66.28,Financial
2010-06-23,BA,67.45,Financial
2010-06-24,BA,67.43,Financial
2010-06-25,BA,68.77,Financial
2010-06-28,BA,67.3,Financial
2010-06-29,BA,63.04,Financial
2010-06-30,BA,62.75,Financial
2010-07-01,BA,62.26,Financial
2010-07-02,BA,61.94,Financial
2010-07-06,BA,61.36,Financial
2010-07-07,BA,63.3,Financial
2010-07-08,BA,64.73,Financial
2010-07-09,BA,64.66,Financial
2010-07-12,BA,64.34,Financial
2010-07-13,BA,64.43,Financial
2010-07-14,BA,64.75,Financial
2010-07-15,BA,64.37,Financial
2010-07-16,BA,61.9,Financial
2010-07-19,BA,63.18,Financial
2010-07-20,BA,63.88,Financial
2010-07-21,BA,63.18,Financial
2010-07-22,BA,66.6,Financial
2010-07-23,BA,67.93,Financial
2010-07-26,BA,68.85,Financial
2010-07-27,BA,68.62,Financial
2010-07-28,BA,67.32,Financial
2010-07-29,BA,67.22,Financial
2010-07-30,BA,68.14,Financial
2010-08-02,BA,69.69,Financial
2010-08-03,BA,69.54,Financial
2010-08-04,BA,69.25,Financial
2010-08-05,BA,68.71,Financial
2010-08-06,BA,68.7,Financial
2010-08-09,BA,68.99,Financial
2010-08-10,BA,68.62,Financial
2010-08-11,BA,65.6,Financial
2010-08-12,BA,64.7,Financial
2010-08-13,BA,64.84,Financial
2010-08-16,BA,64.4,Financial
2010-08-17,BA,65.99,Financial
2010-08-18,BA,66,Financial
2010-08-19,BA,64.62,Financial
2010-08-20,BA,64.6,Financial
2010-08-23,BA,63.3,Financial
2010-08-24,BA,60.93,Financial
2010-08-25,BA,60.76,Financial
2010-08-26,BA,61.32,Financial
2010-08-27,BA,63.16,Financial
2010-08-30,BA,62.1,Financial
2010-08-31,BA,61.13,Financial
2010-09-01,BA,62.29,Financial
2010-09-02,BA,63.39,Financial
2010-09-03,BA,64.64,Financial
2010-09-07,BA,63.42,Financial
2010-09-08,BA,64.5,Financial
2010-09-09,BA,63.44,Financial
2010-09-10,BA,63.84,Financial
2010-09-13,BA,64.19,Financial
2010-09-14,BA,62.76,Financial
2010-09-15,BA,62.73,Financial
2010-09-16,BA,62.58,Financial
2010-09-17,BA,62.95,Financial
2010-09-20,BA,63.72,Financial
2010-09-21,BA,64.23,Financial
2010-09-22,BA,63.9,Financial
2010-09-23,BA,62.65,Financial
2010-09-24,BA,64.6,Financial
2010-09-27,BA,63.89,Financial
2010-09-28,BA,64.52,Financial
2010-09-29,BA,65.97,Financial
2010-09-30,BA,66.54,Financial
2010-10-01,BA,66.83,Financial
2010-10-04,BA,66.33,Financial
2010-10-05,BA,68.6,Financial
2010-10-06,BA,68.58,Financial
2010-10-07,BA,68.46,Financial
2010-10-08,BA,69.23,Financial
2010-10-11,BA,69.99,Financial
2010-10-12,BA,70.22,Financial
2010-10-13,BA,71.47,Financial
2010-10-14,BA,71.36,Financial
2010-10-15,BA,70.11,Financial
2010-10-18,BA,70.23,Financial
2010-10-19,BA,69.05,Financial
2010-10-20,BA,71.36,Financial
2010-10-21,BA,71.5,Financial
2010-10-22,BA,71.26,Financial
2010-10-25,BA,71.66,Financial
2010-10-26,BA,71.3,Financial
2010-10-27,BA,70.86,Financial
2010-10-28,BA,71.27,Financial
2010-10-29,BA,70.64,Financial
2010-11-01,BA,70.48,Financial
2010-11-02,BA,69.78,Financial
2010-11-03,BA,68.94,Financial
2010-11-04,BA,70.85,Financial
2010-11-05,BA,71.27,Financial
2010-11-08,BA,70.21,Financial
2010-11-09,BA,69.25,Financial
2010-11-10,BA,67.07,Financial
2010-11-11,BA,65.37,Financial
2010-11-12,BA,63.09,Financial
2010-11-15,BA,63.61,Financial
2010-11-16,BA,62.78,Financial
2010-11-17,BA,62.5,Financial
2010-11-18,BA,64.61,Financial
2010-11-19,BA,63.59,Financial
2010-11-22,BA,64.03,Financial
2010-11-23,BA,63.6,Financial
2010-11-24,BA,65.41,Financial
2010-11-26,BA,64.91,Financial
2010-11-29,BA,64.36,Financial
2010-11-30,BA,63.77,Financial
2010-12-01,BA,65.72,Financial
2010-12-02,BA,66.59,Financial
2010-12-03,BA,66.54,Financial
2010-12-06,BA,66.59,Financial
2010-12-07,BA,66.23,Financial
2010-12-08,BA,65.18,Financial
2010-12-09,BA,64.61,Financial
2010-12-10,BA,64.16,Financial
2010-12-13,BA,63.79,Financial
2010-12-14,BA,64.49,Financial
2010-12-15,BA,64.24,Financial
2010-12-16,BA,64.4,Financial
2010-12-17,BA,65.03,Financial
2010-12-20,BA,63.27,Financial
2010-12-21,BA,64.19,Financial
2010-12-22,BA,64.61,Financial
2010-12-23,BA,65.06,Financial
2010-12-27,BA,64.75,Financial
2010-12-28,BA,64.86,Financial
2010-12-29,BA,65.05,Financial
2010-12-30,BA,65.01,Financial
2010-12-31,BA,65.26,Financial
2010-01-04,WFC,27.32,Financial
2010-01-05,WFC,28.07,Financial
2010-01-06,WFC,28.11,Financial
2010-01-07,WFC,29.13,Financial
2010-01-08,WFC,28.86,Financial
2010-01-11,WFC,28.8,Financial
2010-01-12,WFC,28.08,Financial
2010-01-13,WFC,28.58,Financial
2010-01-14,WFC,28.99,Financial
2010-01-15,WFC,28.08,Financial
2010-01-19,WFC,28.28,Financial
2010-01-20,WFC,27.82,Financial
2010-01-21,WFC,28,Financial
2010-01-22,WFC,27.26,Financial
2010-01-25,WFC,27.66,Financial
2010-01-26,WFC,26.99,Financial
2010-01-27,WFC,28.2,Financial
2010-01-28,WFC,28.45,Financial
2010-01-29,WFC,28.43,Financial
2010-02-01,WFC,28.93,Financial
2010-02-02,WFC,28.79,Financial
2010-02-03,WFC,28.14,Financial
2010-02-04,WFC,27.06,Financial
2010-02-05,WFC,27.42,Financial
2010-02-08,WFC,26.43,Financial
2010-02-09,WFC,26.71,Financial
2010-02-10,WFC,27.18,Financial
2010-02-11,WFC,27.08,Financial
2010-02-12,WFC,26.88,Financial
2010-02-16,WFC,27.39,Financial
2010-02-17,WFC,27.33,Financial
2010-02-18,WFC,27.34,Financial
2010-02-19,WFC,27.37,Financial
2010-02-22,WFC,28.01,Financial
2010-02-23,WFC,27.29,Financial
2010-02-24,WFC,27.66,Financial
2010-02-25,WFC,27.44,Financial
2010-02-26,WFC,27.34,Financial
2010-03-01,WFC,27.35,Financial
2010-03-02,WFC,27.87,Financial
2010-03-03,WFC,28.2,Financial
2010-03-04,WFC,28.43,Financial
2010-03-05,WFC,29.15,Financial
2010-03-08,WFC,28.89,Financial
2010-03-09,WFC,28.98,Financial
2010-03-10,WFC,29.57,Financial
2010-03-11,WFC,29.76,Financial
2010-03-12,WFC,29.63,Financial
2010-03-15,WFC,29.89,Financial
2010-03-16,WFC,30.28,Financial
2010-03-17,WFC,30.55,Financial
2010-03-18,WFC,30.29,Financial
2010-03-19,WFC,30.38,Financial
2010-03-22,WFC,30.41,Financial
2010-03-23,WFC,31.08,Financial
2010-03-24,WFC,30.86,Financial
2010-03-25,WFC,31.06,Financial
2010-03-26,WFC,31.22,Financial
2010-03-29,WFC,31.1,Financial
2010-03-30,WFC,30.84,Financial
2010-03-31,WFC,31.12,Financial
2010-04-01,WFC,31.37,Financial
2010-04-05,WFC,31.51,Financial
2010-04-06,WFC,32.28,Financial
2010-04-07,WFC,31.99,Financial
2010-04-08,WFC,32.23,Financial
2010-04-09,WFC,32.3,Financial
2010-04-12,WFC,32.42,Financial
2010-04-13,WFC,32.15,Financial
2010-04-14,WFC,33.28,Financial
2010-04-15,WFC,33.51,Financial
2010-04-16,WFC,32.56,Financial
2010-04-19,WFC,33.02,Financial
2010-04-20,WFC,33.69,Financial
2010-04-21,WFC,33.01,Financial
2010-04-22,WFC,33.58,Financial
2010-04-23,WFC,33.48,Financial
2010-04-26,WFC,32.72,Financial
2010-04-27,WFC,31.72,Financial
2010-04-28,WFC,32.45,Financial
2010-04-29,WFC,33.23,Financial
2010-04-30,WFC,33.11,Financial
2010-05-03,WFC,33.88,Financial
2010-05-04,WFC,32.94,Financial
2010-05-05,WFC,32.66,Financial
2010-05-06,WFC,31.18,Financial
2010-05-07,WFC,30.82,Financial
2010-05-10,WFC,32.97,Financial
2010-05-11,WFC,32.91,Financial
2010-05-12,WFC,33.66,Financial
2010-05-13,WFC,33.08,Financial
2010-05-14,WFC,32.04,Financial
2010-05-17,WFC,31.97,Financial
2010-05-18,WFC,30.59,Financial
2010-05-19,WFC,30.08,Financial
2010-05-20,WFC,28.69,Financial
2010-05-21,WFC,30.11,Financial
2010-05-24,WFC,28.71,Financial
2010-05-25,WFC,28.9,Financial
2010-05-26,WFC,28.04,Financial
2010-05-27,WFC,29.41,Financial
2010-05-28,WFC,28.69,Financial
2010-06-01,WFC,28.23,Financial
2010-06-02,WFC,29.18,Financial
2010-06-03,WFC,28.86,Financial
2010-06-04,WFC,27.78,Financial
2010-06-07,WFC,27.29,Financial
2010-06-08,WFC,27.76,Financial
2010-06-09,WFC,27.03,Financial
2010-06-10,WFC,28.13,Financial
2010-06-11,WFC,27.84,Financial
2010-06-14,WFC,27.4,Financial
2010-06-15,WFC,27.91,Financial
2010-06-16,WFC,28.12,Financial
2010-06-17,WFC,27.93,Financial
2010-06-18,WFC,28.07,Financial
2010-06-21,WFC,27.94,Financial
2010-06-22,WFC,27.46,Financial
2010-06-23,WFC,27.32,Financial
2010-06-24,WFC,26.86,Financial
2010-06-25,WFC,27.05,Financial
2010-06-28,WFC,27.03,Financial
2010-06-29,WFC,25.93,Financial
2010-06-30,WFC,25.6,Financial
2010-07-01,WFC,25.18,Financial
2010-07-02,WFC,24.88,Financial
2010-07-06,WFC,25.15,Financial
2010-07-07,WFC,26.66,Financial
2010-07-08,WFC,26.64,Financial
2010-07-09,WFC,27,Financial
2010-07-12,WFC,27.06,Financial
2010-07-13,WFC,27.94,Financial
2010-07-14,WFC,27.66,Financial
2010-07-15,WFC,27.81,Financial
2010-07-16,WFC,26.24,Financial
2010-07-19,WFC,26.02,Financial
2010-07-20,WFC,25.91,Financial
2010-07-21,WFC,26.06,Financial
2010-07-22,WFC,27.39,Financial
2010-07-23,WFC,27.42,Financial
2010-07-26,WFC,27.91,Financial
2010-07-27,WFC,28.39,Financial
2010-07-28,WFC,28.07,Financial
2010-07-29,WFC,27.69,Financial
2010-07-30,WFC,27.73,Financial
2010-08-02,WFC,28.57,Financial
2010-08-03,WFC,28.12,Financial
2010-08-04,WFC,27.93,Financial
2010-08-05,WFC,27.88,Financial
2010-08-06,WFC,27.75,Financial
2010-08-09,WFC,28.23,Financial
2010-08-10,WFC,27.77,Financial
2010-08-11,WFC,26.3,Financial
2010-08-12,WFC,26,Financial
2010-08-13,WFC,25.84,Financial
2010-08-16,WFC,25.68,Financial
2010-08-17,WFC,25.34,Financial
2010-08-18,WFC,25.38,Financial
2010-08-19,WFC,24.43,Financial
2010-08-20,WFC,24.6,Financial
2010-08-23,WFC,24.23,Financial
2010-08-24,WFC,23.64,Financial
2010-08-25,WFC,23.6,Financial
2010-08-26,WFC,23.49,Financial
2010-08-27,WFC,24,Financial
2010-08-30,WFC,23.25,Financial
2010-08-31,WFC,23.55,Financial
2010-09-01,WFC,24.66,Financial
2010-09-02,WFC,25.1,Financial
2010-09-03,WFC,25.84,Financial
2010-09-07,WFC,24.92,Financial
2010-09-08,WFC,25.22,Financial
2010-09-09,WFC,25.69,Financial
2010-09-10,WFC,25.75,Financial
2010-09-13,WFC,26.5,Financial
2010-09-14,WFC,26.06,Financial
2010-09-15,WFC,26.34,Financial
2010-09-16,WFC,26.06,Financial
2010-09-17,WFC,26.01,Financial
2010-09-20,WFC,26.56,Financial
2010-09-21,WFC,26.38,Financial
2010-09-22,WFC,25.81,Financial
2010-09-23,WFC,25.04,Financial
2010-09-24,WFC,25.59,Financial
2010-09-27,WFC,25.53,Financial
2010-09-28,WFC,25.35,Financial
2010-09-29,WFC,25.04,Financial
2010-09-30,WFC,25.115,Financial
2010-10-01,WFC,25.56,Financial
2010-10-04,WFC,25.38,Financial
2010-10-05,WFC,26.2525,Financial
2010-10-06,WFC,26.3,Financial
2010-10-07,WFC,26,Financial
2010-10-08,WFC,25.95,Financial
2010-10-11,WFC,25.65,Financial
2010-10-12,WFC,25.98,Financial
2010-10-13,WFC,25.81,Financial
2010-10-14,WFC,24.72,Financial
2010-10-15,WFC,23.58,Financial
2010-10-18,WFC,24.87,Financial
2010-10-19,WFC,24.55,Financial
2010-10-20,WFC,25.6,Financial
2010-10-21,WFC,26.03,Financial
2010-10-22,WFC,26.11,Financial
2010-10-25,WFC,25.72,Financial
2010-10-26,WFC,25.91,Financial
2010-10-27,WFC,25.75,Financial
2010-10-28,WFC,25.94,Financial
2010-10-29,WFC,26.06,Financial
2010-11-01,WFC,25.93,Financial
2010-11-02,WFC,25.97,Financial
2010-11-03,WFC,26.46,Financial
2010-11-04,WFC,27.46,Financial
2010-11-05,WFC,29.22,Financial
2010-11-08,WFC,29.04,Financial
2010-11-09,WFC,28.13,Financial
2010-11-10,WFC,28.58,Financial
2010-11-11,WFC,28.19,Financial
2010-11-12,WFC,27.54,Financial
2010-11-15,WFC,27.65,Financial
2010-11-16,WFC,27.19,Financial
2010-11-17,WFC,26.86,Financial
2010-11-18,WFC,27.51,Financial
2010-11-19,WFC,27.49,Financial
2010-11-22,WFC,26.95,Financial
2010-11-23,WFC,26.8,Financial
2010-11-24,WFC,27.1125,Financial
2010-11-26,WFC,26.65,Financial
2010-11-29,WFC,27.2,Financial
2010-11-30,WFC,27.21,Financial
2010-12-01,WFC,27.53,Financial
2010-12-02,WFC,28.78,Financial
2010-12-03,WFC,29.05,Financial
2010-12-06,WFC,28.7425,Financial
2010-12-07,WFC,28.47,Financial
2010-12-08,WFC,29.37,Financial
2010-12-09,WFC,30.07,Financial
2010-12-10,WFC,30.27,Financial
2010-12-13,WFC,30.22,Financial
2010-12-14,WFC,29.8175,Financial
2010-12-15,WFC,29.79,Financial
2010-12-16,WFC,30.02,Financial
2010-12-17,WFC,29.96,Financial
2010-12-20,WFC,30.1,Financial
2010-12-21,WFC,30.82,Financial
2010-12-22,WFC,31.31,Financial
2010-12-23,WFC,30.99,Financial
2010-12-27,WFC,31.21,Financial
2010-12-28,WFC,31.2,Financial
2010-12-29,WFC,31.02,Financial
2010-12-30,WFC,30.82,Financial
2010-12-31,WFC,30.99,Financial
2010-01-04,NTRS,52.53,Financial
2010-01-05,NTRS,52.46,Financial
2010-01-06,NTRS,51.7,Financial
2010-01-07,NTRS,52.19,Financial
2010-01-08,NTRS,52.42,Financial
2010-01-11,NTRS,51.04,Financial
2010-01-12,NTRS,50.95,Financial
2010-01-13,NTRS,51.55,Financial
2010-01-14,NTRS,51.3,Financial
2010-01-15,NTRS,51.55,Financial
2010-01-19,NTRS,52.43,Financial
2010-01-20,NTRS,55.44,Financial
2010-01-21,NTRS,53.51,Financial
2010-01-22,NTRS,52.07,Financial
2010-01-25,NTRS,51.99,Financial
2010-01-26,NTRS,50.93,Financial
2010-01-27,NTRS,52.49,Financial
2010-01-28,NTRS,51.59,Financial
2010-01-29,NTRS,50.52,Financial
2010-02-01,NTRS,52.17,Financial
2010-02-02,NTRS,52.12,Financial
2010-02-03,NTRS,51.61,Financial
2010-02-04,NTRS,49.89,Financial
2010-02-05,NTRS,50.54,Financial
2010-02-08,NTRS,49.99,Financial
2010-02-09,NTRS,50.08,Financial
2010-02-10,NTRS,50.56,Financial
2010-02-11,NTRS,50.34,Financial
2010-02-12,NTRS,50.01,Financial
2010-02-16,NTRS,50.99,Financial
2010-02-17,NTRS,51.84,Financial
2010-02-18,NTRS,52.47,Financial
2010-02-19,NTRS,54.6,Financial
2010-02-22,NTRS,54.65,Financial
2010-02-23,NTRS,53.46,Financial
2010-02-24,NTRS,53.56,Financial
2010-02-25,NTRS,53.11,Financial
2010-02-26,NTRS,53.29,Financial
2010-03-01,NTRS,53.44,Financial
2010-03-02,NTRS,53.41,Financial
2010-03-03,NTRS,53.46,Financial
2010-03-04,NTRS,53.76,Financial
2010-03-05,NTRS,54.89,Financial
2010-03-08,NTRS,54.9,Financial
2010-03-09,NTRS,54.8,Financial
2010-03-10,NTRS,54.03,Financial
2010-03-11,NTRS,54.05,Financial
2010-03-12,NTRS,53.97,Financial
2010-03-15,NTRS,54.26,Financial
2010-03-16,NTRS,54.81,Financial
2010-03-17,NTRS,55.8,Financial
2010-03-18,NTRS,55.62,Financial
2010-03-19,NTRS,55.45,Financial
2010-03-22,NTRS,55.63,Financial
2010-03-23,NTRS,55.79,Financial
2010-03-24,NTRS,55.16,Financial
2010-03-25,NTRS,55.98,Financial
2010-03-26,NTRS,55.35,Financial
2010-03-29,NTRS,55.19,Financial
2010-03-30,NTRS,54.65,Financial
2010-03-31,NTRS,55.26,Financial
2010-04-01,NTRS,56.64,Financial
2010-04-05,NTRS,57.17,Financial
2010-04-06,NTRS,57.45,Financial
2010-04-07,NTRS,56.91,Financial
2010-04-08,NTRS,57.82,Financial
2010-04-09,NTRS,58.01,Financial
2010-04-12,NTRS,58.77,Financial
2010-04-13,NTRS,59.02,Financial
2010-04-14,NTRS,58.96,Financial
2010-04-15,NTRS,58.65,Financial
2010-04-16,NTRS,57.39,Financial
2010-04-19,NTRS,58.37,Financial
2010-04-20,NTRS,55.37,Financial
2010-04-21,NTRS,54.73,Financial
2010-04-22,NTRS,55.63,Financial
2010-04-23,NTRS,56.31,Financial
2010-04-26,NTRS,55.31,Financial
2010-04-27,NTRS,54.34,Financial
2010-04-28,NTRS,54.37,Financial
2010-04-29,NTRS,55.65,Financial
2010-04-30,NTRS,54.98,Financial
2010-05-03,NTRS,54.9,Financial
2010-05-04,NTRS,53.92,Financial
2010-05-05,NTRS,53.93,Financial
2010-05-06,NTRS,51.67,Financial
2010-05-07,NTRS,51.8,Financial
2010-05-10,NTRS,55.11,Financial
2010-05-11,NTRS,54.45,Financial
2010-05-12,NTRS,55.34,Financial
2010-05-13,NTRS,54.28,Financial
2010-05-14,NTRS,53.18,Financial
2010-05-17,NTRS,53.82,Financial
2010-05-18,NTRS,52.79,Financial
2010-05-19,NTRS,52.35,Financial
2010-05-20,NTRS,50.1,Financial
2010-05-21,NTRS,51.88,Financial
2010-05-24,NTRS,50.65,Financial
2010-05-25,NTRS,50.78,Financial
2010-05-26,NTRS,50.48,Financial
2010-05-27,NTRS,51.97,Financial
2010-05-28,NTRS,50.81,Financial
2010-06-01,NTRS,49.82,Financial
2010-06-02,NTRS,51.11,Financial
2010-06-03,NTRS,50.93,Financial
2010-06-04,NTRS,49.015,Financial
2010-06-07,NTRS,48.5,Financial
2010-06-08,NTRS,49.06,Financial
2010-06-09,NTRS,48.75,Financial
2010-06-10,NTRS,49.5,Financial
2010-06-11,NTRS,49.93,Financial
2010-06-14,NTRS,49.34,Financial
2010-06-15,NTRS,50.76,Financial
2010-06-16,NTRS,51.32,Financial
2010-06-17,NTRS,50.9,Financial
2010-06-18,NTRS,50.3,Financial
2010-06-21,NTRS,49.39,Financial
2010-06-22,NTRS,48.61,Financial
2010-06-23,NTRS,48.45,Financial
2010-06-24,NTRS,47.44,Financial
2010-06-25,NTRS,48.44,Financial
2010-06-28,NTRS,48.3,Financial
2010-06-29,NTRS,47.42,Financial
2010-06-30,NTRS,46.7,Financial
2010-07-01,NTRS,46.57,Financial
2010-07-02,NTRS,45.81,Financial
2010-07-06,NTRS,45.96,Financial
2010-07-07,NTRS,49.14,Financial
2010-07-08,NTRS,47.9,Financial
2010-07-09,NTRS,48.53,Financial
2010-07-12,NTRS,49.09,Financial
2010-07-13,NTRS,50.14,Financial
2010-07-14,NTRS,49.78,Financial
2010-07-15,NTRS,49.73,Financial
2010-07-16,NTRS,48.36,Financial
2010-07-19,NTRS,48.56,Financial
2010-07-20,NTRS,49.32,Financial
2010-07-21,NTRS,47.16,Financial
2010-07-22,NTRS,46.97,Financial
2010-07-23,NTRS,47.51,Financial
2010-07-26,NTRS,48.22,Financial
2010-07-27,NTRS,48.26,Financial
2010-07-28,NTRS,47.64,Financial
2010-07-29,NTRS,47.49,Financial
2010-07-30,NTRS,46.99,Financial
2010-08-02,NTRS,48.52,Financial
2010-08-03,NTRS,48.32,Financial
2010-08-04,NTRS,48.51,Financial
2010-08-05,NTRS,49.11,Financial
2010-08-06,NTRS,48.57,Financial
2010-08-09,NTRS,48.98,Financial
2010-08-10,NTRS,49.14,Financial
2010-08-11,NTRS,49.1,Financial
2010-08-12,NTRS,50.19,Financial
2010-08-13,NTRS,49.39,Financial
2010-08-16,NTRS,49.63,Financial
2010-08-17,NTRS,50.5,Financial
2010-08-18,NTRS,49.81,Financial
2010-08-19,NTRS,48.3,Financial
2010-08-20,NTRS,48.305,Financial
2010-08-23,NTRS,47.72,Financial
2010-08-24,NTRS,46.94,Financial
2010-08-25,NTRS,46.5,Financial
2010-08-26,NTRS,45.86,Financial
2010-08-27,NTRS,47.05,Financial
2010-08-30,NTRS,45.84,Financial
2010-08-31,NTRS,46.1275,Financial
2010-09-01,NTRS,47.4,Financial
2010-09-02,NTRS,47.22,Financial
2010-09-03,NTRS,48.86,Financial
2010-09-07,NTRS,47.71,Financial
2010-09-08,NTRS,47.83,Financial
2010-09-09,NTRS,47.94,Financial
2010-09-10,NTRS,47.7,Financial
2010-09-13,NTRS,48.98,Financial
2010-09-14,NTRS,48.61,Financial
2010-09-15,NTRS,48.68,Financial
2010-09-16,NTRS,49.25,Financial
2010-09-17,NTRS,49.04,Financial
2010-09-20,NTRS,49.48,Financial
2010-09-21,NTRS,48.435,Financial
2010-09-22,NTRS,47.54,Financial
2010-09-23,NTRS,46.97,Financial
2010-09-24,NTRS,48.64,Financial
2010-09-27,NTRS,47.97,Financial
2010-09-28,NTRS,48.1,Financial
2010-09-29,NTRS,47.82,Financial
2010-09-30,NTRS,48.24,Financial
2010-10-01,NTRS,48.72,Financial
2010-10-04,NTRS,47.67,Financial
2010-10-05,NTRS,48.6,Financial
2010-10-06,NTRS,48.89,Financial
2010-10-07,NTRS,48.22,Financial
2010-10-08,NTRS,48.35,Financial
2010-10-11,NTRS,48.95,Financial
2010-10-12,NTRS,49.26,Financial
2010-10-13,NTRS,49.48,Financial
2010-10-14,NTRS,49.3,Financial
2010-10-15,NTRS,48.74,Financial
2010-10-18,NTRS,50.15,Financial
2010-10-19,NTRS,49.29,Financial
2010-10-20,NTRS,48.92,Financial
2010-10-21,NTRS,47.41,Financial
2010-10-22,NTRS,47.81,Financial
2010-10-25,NTRS,48.02,Financial
2010-10-26,NTRS,50.57,Financial
2010-10-27,NTRS,50.31,Financial
2010-10-28,NTRS,50.02,Financial
2010-10-29,NTRS,49.63,Financial
2010-11-01,NTRS,49.41,Financial
2010-11-02,NTRS,50.61,Financial
2010-11-03,NTRS,50.42,Financial
2010-11-04,NTRS,51.63,Financial
2010-11-05,NTRS,51.88,Financial
2010-11-08,NTRS,51.3,Financial
2010-11-09,NTRS,50.53,Financial
2010-11-10,NTRS,51.44,Financial
2010-11-11,NTRS,51.2,Financial
2010-11-12,NTRS,50.6,Financial
2010-11-15,NTRS,51.3,Financial
2010-11-16,NTRS,50.59,Financial
2010-11-17,NTRS,50.43,Financial
2010-11-18,NTRS,51.05,Financial
2010-11-19,NTRS,51.17,Financial
2010-11-22,NTRS,50.86,Financial
2010-11-23,NTRS,50.34,Financial
2010-11-24,NTRS,51.17,Financial
2010-11-26,NTRS,50.73,Financial
2010-11-29,NTRS,50.59,Financial
2010-11-30,NTRS,50.3,Financial
2010-12-01,NTRS,51.52,Financial
2010-12-02,NTRS,52.99,Financial
2010-12-03,NTRS,52.82,Financial
2010-12-06,NTRS,52.64,Financial
2010-12-07,NTRS,52.51,Financial
2010-12-08,NTRS,52.55,Financial
2010-12-09,NTRS,53.6,Financial
2010-12-10,NTRS,54.1,Financial
2010-12-13,NTRS,54.46,Financial
2010-12-14,NTRS,54.5,Financial
2010-12-15,NTRS,54.15,Financial
2010-12-16,NTRS,54.7,Financial
2010-12-17,NTRS,54.26,Financial
2010-12-20,NTRS,54.25,Financial
2010-12-21,NTRS,54.9,Financial
2010-12-22,NTRS,55.73,Financial
2010-12-23,NTRS,55.3,Financial
2010-12-27,NTRS,55.58,Financial
2010-12-28,NTRS,55.7,Financial
2010-12-29,NTRS,55.51,Financial
2010-12-30,NTRS,55.5,Financial
2010-12-31,NTRS,55.41,Financial
2010-01-04,AIG,29.89,Financial
2010-01-05,AIG,29.33,Financial
2010-01-06,AIG,29.14,Financial
2010-01-07,AIG,28.58,Financial
2010-01-08,AIG,29.34,Financial
2010-01-11,AIG,29.63,Financial
2010-01-12,AIG,28.46,Financial
2010-01-13,AIG,29.06,Financial
2010-01-14,AIG,28.6,Financial
2010-01-15,AIG,28.06,Financial
2010-01-19,AIG,28.25,Financial
2010-01-20,AIG,27.96,Financial
2010-01-21,AIG,27.55,Financial
2010-01-22,AIG,26.5,Financial
2010-01-25,AIG,26.09,Financial
2010-01-26,AIG,24.4,Financial
2010-01-27,AIG,24.91,Financial
2010-01-28,AIG,24.16,Financial
2010-01-29,AIG,24.23,Financial
2010-02-01,AIG,23.96,Financial
2010-02-02,AIG,23.97,Financial
2010-02-03,AIG,23.79,Financial
2010-02-04,AIG,22.59,Financial
2010-02-05,AIG,22.41,Financial
2010-02-08,AIG,22.16,Financial
2010-02-09,AIG,23.14,Financial
2010-02-10,AIG,26.92,Financial
2010-02-11,AIG,26.3,Financial
2010-02-12,AIG,26.82,Financial
2010-02-16,AIG,27.43,Financial
2010-02-17,AIG,26.9,Financial
2010-02-18,AIG,26.71,Financial
2010-02-19,AIG,26.53,Financial
2010-02-22,AIG,28.43,Financial
2010-02-23,AIG,26.76,Financial
2010-02-24,AIG,27.99,Financial
2010-02-25,AIG,27.51,Financial
2010-02-26,AIG,24.77,Financial
2010-03-01,AIG,25.78,Financial
2010-03-02,AIG,25.03,Financial
2010-03-03,AIG,24.88,Financial
2010-03-04,AIG,26.71,Financial
2010-03-05,AIG,28.08,Financial
2010-03-08,AIG,29.1,Financial
2010-03-09,AIG,32.77,Financial
2010-03-10,AIG,36.24,Financial
2010-03-11,AIG,35.11,Financial
2010-03-12,AIG,34.23,Financial
2010-03-15,AIG,34.32,Financial
2010-03-16,AIG,33.61,Financial
2010-03-17,AIG,34.41,Financial
2010-03-18,AIG,34.64,Financial
2010-03-19,AIG,34.8,Financial
2010-03-22,AIG,33.39,Financial
2010-03-23,AIG,33.28,Financial
2010-03-24,AIG,33.17,Financial
2010-03-25,AIG,34.51,Financial
2010-03-26,AIG,34.21,Financial
2010-03-29,AIG,34.45,Financial
2010-03-30,AIG,34.19,Financial
2010-03-31,AIG,34.14,Financial
2010-04-01,AIG,34.11,Financial
2010-04-05,AIG,35.06,Financial
2010-04-06,AIG,35.91,Financial
2010-04-07,AIG,39.69,Financial
2010-04-08,AIG,37.59,Financial
2010-04-09,AIG,38.14,Financial
2010-04-12,AIG,41.22,Financial
2010-04-13,AIG,40.15,Financial
2010-04-14,AIG,39.74,Financial
2010-04-15,AIG,39.98,Financial
2010-04-16,AIG,39.15,Financial
2010-04-19,AIG,39.09,Financial
2010-04-20,AIG,41.63,Financial
2010-04-21,AIG,40.9,Financial
2010-04-22,AIG,43.25,Financial
2010-04-23,AIG,44.38,Financial
2010-04-26,AIG,44.51,Financial
2010-04-27,AIG,37.37,Financial
2010-04-28,AIG,39.51,Financial
2010-04-29,AIG,40.23,Financial
2010-04-30,AIG,38.9,Financial
2010-05-03,AIG,39.54,Financial
2010-05-04,AIG,38.25,Financial
2010-05-05,AIG,37.7,Financial
2010-05-06,AIG,36.75,Financial
2010-05-07,AIG,38.7,Financial
2010-05-10,AIG,40.98,Financial
2010-05-11,AIG,42.89,Financial
2010-05-12,AIG,41.4,Financial
2010-05-13,AIG,40.65,Financial
2010-05-14,AIG,39.72,Financial
2010-05-17,AIG,39,Financial
2010-05-18,AIG,37.78,Financial
2010-05-19,AIG,37.33,Financial
2010-05-20,AIG,34.81,Financial
2010-05-21,AIG,35.96,Financial
2010-05-24,AIG,34.53,Financial
2010-05-25,AIG,34.49,Financial
2010-05-26,AIG,34.05,Financial
2010-05-27,AIG,36.46,Financial
2010-05-28,AIG,35.38,Financial
2010-06-01,AIG,34.25,Financial
2010-06-02,AIG,35.06,Financial
2010-06-03,AIG,35.2,Financial
2010-06-04,AIG,34.75,Financial
2010-06-07,AIG,34.08,Financial
2010-06-08,AIG,34.31,Financial
2010-06-09,AIG,34.22,Financial
2010-06-10,AIG,35.3,Financial
2010-06-11,AIG,35.08,Financial
2010-06-14,AIG,37.09,Financial
2010-06-15,AIG,37.88,Financial
2010-06-16,AIG,37.87,Financial
2010-06-17,AIG,37.77,Financial
2010-06-18,AIG,37.91,Financial
2010-06-21,AIG,38.76,Financial
2010-06-22,AIG,38.27,Financial
2010-06-23,AIG,37.81,Financial
2010-06-24,AIG,36.77,Financial
2010-06-25,AIG,36.95,Financial
2010-06-28,AIG,36.38,Financial
2010-06-29,AIG,34.52,Financial
2010-06-30,AIG,34.44,Financial
2010-07-01,AIG,33.88,Financial
2010-07-02,AIG,33.1,Financial
2010-07-06,AIG,33.71,Financial
2010-07-07,AIG,35.34,Financial
2010-07-08,AIG,35.51,Financial
2010-07-09,AIG,35.9,Financial
2010-07-12,AIG,35.57,Financial
2010-07-13,AIG,37.99,Financial
2010-07-14,AIG,37.53,Financial
2010-07-15,AIG,37.38,Financial
2010-07-16,AIG,35.64,Financial
2010-07-19,AIG,35.39,Financial
2010-07-20,AIG,36.31,Financial
2010-07-21,AIG,35.31,Financial
2010-07-22,AIG,36.49,Financial
2010-07-23,AIG,36.77,Financial
2010-07-26,AIG,38.7,Financial
2010-07-27,AIG,39.15,Financial
2010-07-28,AIG,39.03,Financial
2010-07-29,AIG,38.97,Financial
2010-07-30,AIG,38.47,Financial
2010-08-02,AIG,40.04,Financial
2010-08-03,AIG,39.59,Financial
2010-08-04,AIG,40.02,Financial
2010-08-05,AIG,39.9,Financial
2010-08-06,AIG,40.93,Financial
2010-08-09,AIG,41.64,Financial
2010-08-10,AIG,40.19,Financial
2010-08-11,AIG,37.84,Financial
2010-08-12,AIG,37.1,Financial
2010-08-13,AIG,36.67,Financial
2010-08-16,AIG,35.96,Financial
2010-08-17,AIG,36.42,Financial
2010-08-18,AIG,36.83,Financial
2010-08-19,AIG,35.55,Financial
2010-08-20,AIG,35.17,Financial
2010-08-23,AIG,35.04,Financial
2010-08-24,AIG,34.27,Financial
2010-08-25,AIG,34.4,Financial
2010-08-26,AIG,33.99,Financial
2010-08-27,AIG,35.2,Financial
2010-08-30,AIG,34,Financial
2010-08-31,AIG,33.93,Financial
2010-09-01,AIG,35.66,Financial
2010-09-02,AIG,35.92,Financial
2010-09-03,AIG,36.7,Financial
2010-09-07,AIG,35.57,Financial
2010-09-08,AIG,36.28,Financial
2010-09-09,AIG,36.29,Financial
2010-09-10,AIG,36.35,Financial
2010-09-13,AIG,36.92,Financial
2010-09-14,AIG,36.13,Financial
2010-09-15,AIG,36.16,Financial
2010-09-16,AIG,35.71,Financial
2010-09-17,AIG,35.64,Financial
2010-09-20,AIG,36.6,Financial
2010-09-21,AIG,36.61,Financial
2010-09-22,AIG,35.67,Financial
2010-09-23,AIG,35.07,Financial
2010-09-24,AIG,36.47,Financial
2010-09-27,AIG,37.13,Financial
2010-09-28,AIG,37.32,Financial
2010-09-29,AIG,37.45,Financial
2010-09-30,AIG,39.1,Financial
2010-10-01,AIG,38.86,Financial
2010-10-04,AIG,39.28,Financial
2010-10-05,AIG,39.94,Financial
2010-10-06,AIG,40.74,Financial
2010-10-07,AIG,40.47,Financial
2010-10-08,AIG,40.91,Financial
2010-10-11,AIG,41.04,Financial
2010-10-12,AIG,41.78,Financial
2010-10-13,AIG,42.71,Financial
2010-10-14,AIG,41.94,Financial
2010-10-15,AIG,41.47,Financial
2010-10-18,AIG,42.26,Financial
2010-10-19,AIG,41.01,Financial
2010-10-20,AIG,41.61,Financial
2010-10-21,AIG,41.28,Financial
2010-10-22,AIG,41.56,Financial
2010-10-25,AIG,41.1,Financial
2010-10-26,AIG,42.03,Financial
2010-10-27,AIG,41.82,Financial
2010-10-28,AIG,41.98,Financial
2010-10-29,AIG,42.01,Financial
2010-11-01,AIG,41.92,Financial
2010-11-02,AIG,42.12,Financial
2010-11-03,AIG,43.57,Financial
2010-11-04,AIG,44.74,Financial
2010-11-05,AIG,45.61,Financial
2010-11-08,AIG,44.63,Financial
2010-11-09,AIG,42.86,Financial
2010-11-10,AIG,42.99,Financial
2010-11-11,AIG,42.51,Financial
2010-11-12,AIG,41.81,Financial
2010-11-15,AIG,42.42,Financial
2010-11-16,AIG,41.71,Financial
2010-11-17,AIG,41.78,Financial
2010-11-18,AIG,42.56,Financial
2010-11-19,AIG,42.73,Financial
2010-11-22,AIG,42.14,Financial
2010-11-23,AIG,40.85,Financial
2010-11-24,AIG,41.76,Financial
2010-11-26,AIG,41.25,Financial
2010-11-29,AIG,41.53,Financial
2010-11-30,AIG,41.29,Financial
2010-12-01,AIG,42.28,Financial
2010-12-02,AIG,42.88,Financial
2010-12-03,AIG,43.76,Financial
2010-12-06,AIG,43.6,Financial
2010-12-07,AIG,43.95,Financial
2010-12-08,AIG,42.22,Financial
2010-12-09,AIG,47.78,Financial
2010-12-10,AIG,48.95,Financial
2010-12-13,AIG,48.52,Financial
2010-12-14,AIG,51.77,Financial
2010-12-15,AIG,51.19,Financial
2010-12-16,AIG,52.1,Financial
2010-12-17,AIG,52.56,Financial
2010-12-20,AIG,53.42,Financial
2010-12-21,AIG,55.18,Financial
2010-12-22,AIG,55.76,Financial
2010-12-23,AIG,54.33,Financial
2010-12-27,AIG,59.38,Financial
2010-12-28,AIG,58.93,Financial
2010-12-29,AIG,57.27,Financial
2010-12-30,AIG,57.53,Financial
2010-12-31,AIG,57.62,Financial
2010-01-04,MS,30.91,Financial
2010-01-05,MS,32.04,Financial
2010-01-06,MS,32.45,Financial
2010-01-07,MS,32.92,Financial
2010-01-08,MS,32.25,Financial
2010-01-11,MS,32.04,Financial
2010-01-12,MS,31.13,Financial
2010-01-13,MS,31.26,Financial
2010-01-14,MS,31.2,Financial
2010-01-15,MS,30.38,Financial
2010-01-19,MS,31.16,Financial
2010-01-20,MS,30.63,Financial
2010-01-21,MS,29.34,Financial
2010-01-22,MS,27.8,Financial
2010-01-25,MS,27.74,Financial
2010-01-26,MS,27.33,Financial
2010-01-27,MS,27.95,Financial
2010-01-28,MS,27.49,Financial
2010-01-29,MS,26.78,Financial
2010-02-01,MS,27.56,Financial
2010-02-02,MS,28.06,Financial
2010-02-03,MS,27.89,Financial
2010-02-04,MS,26.63,Financial
2010-02-05,MS,27.26,Financial
2010-02-08,MS,26.6,Financial
2010-02-09,MS,27.13,Financial
2010-02-10,MS,27.51,Financial
2010-02-11,MS,27.12,Financial
2010-02-12,MS,27.16,Financial
2010-02-16,MS,27.82,Financial
2010-02-17,MS,27.39,Financial
2010-02-18,MS,27.26,Financial
2010-02-19,MS,27.41,Financial
2010-02-22,MS,27.71,Financial
2010-02-23,MS,27.15,Financial
2010-02-24,MS,27.83,Financial
2010-02-25,MS,27.74,Financial
2010-02-26,MS,28.18,Financial
2010-03-01,MS,28.19,Financial
2010-03-02,MS,28.7,Financial
2010-03-03,MS,28.32,Financial
2010-03-04,MS,29.2,Financial
2010-03-05,MS,29.41,Financial
2010-03-08,MS,29.58,Financial
2010-03-09,MS,29.05,Financial
2010-03-10,MS,29.97,Financial
2010-03-11,MS,30.02,Financial
2010-03-12,MS,29.91,Financial
2010-03-15,MS,29.64,Financial
2010-03-16,MS,30.31,Financial
2010-03-17,MS,30.28,Financial
2010-03-18,MS,30.08,Financial
2010-03-19,MS,29.63,Financial
2010-03-22,MS,29.6,Financial
2010-03-23,MS,29.53,Financial
2010-03-24,MS,29.37,Financial
2010-03-25,MS,28.91,Financial
2010-03-26,MS,28.85,Financial
2010-03-29,MS,29.43,Financial
2010-03-30,MS,29.21,Financial
2010-03-31,MS,29.29,Financial
2010-04-01,MS,29.2,Financial
2010-04-05,MS,29.29,Financial
2010-04-06,MS,29.36,Financial
2010-04-07,MS,30.02,Financial
2010-04-08,MS,30.88,Financial
2010-04-09,MS,30.98,Financial
2010-04-12,MS,30.93,Financial
2010-04-13,MS,30.48,Financial
2010-04-14,MS,31.14,Financial
2010-04-15,MS,30.88,Financial
2010-04-16,MS,29.16,Financial
2010-04-19,MS,29.56,Financial
2010-04-20,MS,30.45,Financial
2010-04-21,MS,31.68,Financial
2010-04-22,MS,31.9,Financial
2010-04-23,MS,31.94,Financial
2010-04-26,MS,30.94,Financial
2010-04-27,MS,29.93,Financial
2010-04-28,MS,30.33,Financial
2010-04-29,MS,31.31,Financial
2010-04-30,MS,30.22,Financial
2010-05-03,MS,30.43,Financial
2010-05-04,MS,29.49,Financial
2010-05-05,MS,29.29,Financial
2010-05-06,MS,27.64,Financial
2010-05-07,MS,27.75,Financial
2010-05-10,MS,28.86,Financial
2010-05-11,MS,28.38,Financial
2010-05-12,MS,27.8,Financial
2010-05-13,MS,27.62,Financial
2010-05-14,MS,27.08,Financial
2010-05-17,MS,27.11,Financial
2010-05-18,MS,26.73,Financial
2010-05-19,MS,27.04,Financial
2010-05-20,MS,25.64,Financial
2010-05-21,MS,27.11,Financial
2010-05-24,MS,25.75,Financial
2010-05-25,MS,26.11,Financial
2010-05-26,MS,26.53,Financial
2010-05-27,MS,27.66,Financial
2010-05-28,MS,27.11,Financial
2010-06-01,MS,26.13,Financial
2010-06-02,MS,27.18,Financial
2010-06-03,MS,26.85,Financial
2010-06-04,MS,25.99,Financial
2010-06-07,MS,25.29,Financial
2010-06-08,MS,25.59,Financial
2010-06-09,MS,25.13,Financial
2010-06-10,MS,25.59,Financial
2010-06-11,MS,26,Financial
2010-06-14,MS,25.33,Financial
2010-06-15,MS,25.95,Financial
2010-06-16,MS,25.77,Financial
2010-06-17,MS,25.32,Financial
2010-06-18,MS,25.7,Financial
2010-06-21,MS,25.61,Financial
2010-06-22,MS,25.18,Financial
2010-06-23,MS,25.03,Financial
2010-06-24,MS,24.26,Financial
2010-06-25,MS,25.01,Financial
2010-06-28,MS,24.52,Financial
2010-06-29,MS,23.45,Financial
2010-06-30,MS,23.21,Financial
2010-07-01,MS,23.09,Financial
2010-07-02,MS,22.83,Financial
2010-07-06,MS,22.97,Financial
2010-07-07,MS,23.95,Financial
2010-07-08,MS,24.2,Financial
2010-07-09,MS,24.7,Financial
2010-07-12,MS,24.56,Financial
2010-07-13,MS,25.66,Financial
2010-07-14,MS,25.54,Financial
2010-07-15,MS,25.59,Financial
2010-07-16,MS,24.74,Financial
2010-07-19,MS,24.78,Financial
2010-07-20,MS,25.22,Financial
2010-07-21,MS,26.8,Financial
2010-07-22,MS,26.79,Financial
2010-07-23,MS,26.89,Financial
2010-07-26,MS,27,Financial
2010-07-27,MS,27,Financial
2010-07-28,MS,27.01,Financial
2010-07-29,MS,26.99,Financial
2010-07-30,MS,26.99,Financial
2010-08-02,MS,27.68,Financial
2010-08-03,MS,27.49,Financial
2010-08-04,MS,27.87,Financial
2010-08-05,MS,27.84,Financial
2010-08-06,MS,27.65,Financial
2010-08-09,MS,27.45,Financial
2010-08-10,MS,27.33,Financial
2010-08-11,MS,26.43,Financial
2010-08-12,MS,26.12,Financial
2010-08-13,MS,25.9,Financial
2010-08-16,MS,25.7,Financial
2010-08-17,MS,26.2,Financial
2010-08-18,MS,26.26,Financial
2010-08-19,MS,25.99,Financial
2010-08-20,MS,25.92,Financial
2010-08-23,MS,25.72,Financial
2010-08-24,MS,25.13,Financial
2010-08-25,MS,25.1,Financial
2010-08-26,MS,24.63,Financial
2010-08-27,MS,25.03,Financial
2010-08-30,MS,24.43,Financial
2010-08-31,MS,24.69,Financial
2010-09-01,MS,25.41,Financial
2010-09-02,MS,25.68,Financial
2010-09-03,MS,26.66,Financial
2010-09-07,MS,25.67,Financial
2010-09-08,MS,25.97,Financial
2010-09-09,MS,27.01,Financial
2010-09-10,MS,27.19,Financial
2010-09-13,MS,27.77,Financial
2010-09-14,MS,27.52,Financial
2010-09-15,MS,27.24,Financial
2010-09-16,MS,26.78,Financial
2010-09-17,MS,26.47,Financial
2010-09-20,MS,26.84,Financial
2010-09-21,MS,26.06,Financial
2010-09-22,MS,24.95,Financial
2010-09-23,MS,24.74,Financial
2010-09-24,MS,25.15,Financial
2010-09-27,MS,24.87,Financial
2010-09-28,MS,24.5,Financial
2010-09-29,MS,24.48,Financial
2010-09-30,MS,24.68,Financial
2010-10-01,MS,25.02,Financial
2010-10-04,MS,24.71,Financial
2010-10-05,MS,25.47,Financial
2010-10-06,MS,25.38,Financial
2010-10-07,MS,25.07,Financial
2010-10-08,MS,25.32,Financial
2010-10-11,MS,25.15,Financial
2010-10-12,MS,25.93,Financial
2010-10-13,MS,25.94,Financial
2010-10-14,MS,25.44,Financial
2010-10-15,MS,25.02,Financial
2010-10-18,MS,25.4,Financial
2010-10-19,MS,25.39,Financial
2010-10-20,MS,25.38,Financial
2010-10-21,MS,24.6,Financial
2010-10-22,MS,24.52,Financial
2010-10-25,MS,24.38,Financial
2010-10-26,MS,24.19,Financial
2010-10-27,MS,24.4,Financial
2010-10-28,MS,24.86,Financial
2010-10-29,MS,24.87,Financial
2010-11-01,MS,24.68,Financial
2010-11-02,MS,24.61,Financial
2010-11-03,MS,25.4,Financial
2010-11-04,MS,26.37,Financial
2010-11-05,MS,27.28,Financial
2010-11-08,MS,27.21,Financial
2010-11-09,MS,26.32,Financial
2010-11-10,MS,26.55,Financial
2010-11-11,MS,26.31,Financial
2010-11-12,MS,25.57,Financial
2010-11-15,MS,26,Financial
2010-11-16,MS,25.63,Financial
2010-11-17,MS,25.09,Financial
2010-11-18,MS,25.57,Financial
2010-11-19,MS,25.62,Financial
2010-11-22,MS,25.06,Financial
2010-11-23,MS,24.66,Financial
2010-11-24,MS,25.15,Financial
2010-11-26,MS,24.74,Financial
2010-11-29,MS,24.92,Financial
2010-11-30,MS,24.46,Financial
2010-12-01,MS,24.92,Financial
2010-12-02,MS,25.61,Financial
2010-12-03,MS,25.64,Financial
2010-12-06,MS,25.54,Financial
2010-12-07,MS,25.66,Financial
2010-12-08,MS,26.47,Financial
2010-12-09,MS,26.71,Financial
2010-12-10,MS,26.95,Financial
2010-12-13,MS,26.94,Financial
2010-12-14,MS,26.63,Financial
2010-12-15,MS,26.2,Financial
2010-12-16,MS,26.01,Financial
2010-12-17,MS,26.24,Financial
2010-12-20,MS,26.26,Financial
2010-12-21,MS,26.86,Financial
2010-12-22,MS,27.4,Financial
2010-12-23,MS,27.41,Financial
2010-12-27,MS,27.51,Financial
2010-12-28,MS,27.66,Financial
2010-12-29,MS,27.28,Financial
2010-12-30,MS,27.33,Financial
2010-12-31,MS,27.21,Financial
2010-01-04,AMZN,133.89999,Consumer
2010-01-05,AMZN,134.69,Consumer
2010-01-06,AMZN,132.25,Consumer
2010-01-07,AMZN,130,Consumer
2010-01-08,AMZN,133.52,Consumer
2010-01-11,AMZN,130.308,Consumer
2010-01-12,AMZN,127.35,Consumer
2010-01-13,AMZN,129.11,Consumer
2010-01-14,AMZN,127.35,Consumer
2010-01-15,AMZN,127.14,Consumer
2010-01-19,AMZN,127.61,Consumer
2010-01-20,AMZN,125.78,Consumer
2010-01-21,AMZN,126.62,Consumer
2010-01-22,AMZN,121.43,Consumer
2010-01-25,AMZN,120.31,Consumer
2010-01-26,AMZN,119.48,Consumer
2010-01-27,AMZN,122.75,Consumer
2010-01-28,AMZN,126.03,Consumer
2010-01-29,AMZN,125.41,Consumer
2010-02-01,AMZN,118.87,Consumer
2010-02-02,AMZN,118.12,Consumer
2010-02-03,AMZN,119.1,Consumer
2010-02-04,AMZN,115.94,Consumer
2010-02-05,AMZN,117.39,Consumer
2010-02-08,AMZN,116.83,Consumer
2010-02-09,AMZN,118.03,Consumer
2010-02-10,AMZN,117.36,Consumer
2010-02-11,AMZN,120.09,Consumer
2010-02-12,AMZN,119.66,Consumer
2010-02-16,AMZN,117.53,Consumer
2010-02-17,AMZN,116.31,Consumer
2010-02-18,AMZN,118.08,Consumer
2010-02-19,AMZN,117.52,Consumer
2010-02-22,AMZN,118.01,Consumer
2010-02-23,AMZN,117.24,Consumer
2010-02-24,AMZN,119.72,Consumer
2010-02-25,AMZN,118.2,Consumer
2010-02-26,AMZN,118.4,Consumer
2010-03-01,AMZN,124.54,Consumer
2010-03-02,AMZN,125.53,Consumer
2010-03-03,AMZN,125.89,Consumer
2010-03-04,AMZN,128.53,Consumer
2010-03-05,AMZN,128.91,Consumer
2010-03-08,AMZN,130.11,Consumer
2010-03-09,AMZN,128.82001,Consumer
2010-03-10,AMZN,130.50999,Consumer
2010-03-11,AMZN,133.58,Consumer
2010-03-12,AMZN,131.82001,Consumer
2010-03-15,AMZN,131.13,Consumer
2010-03-16,AMZN,131.78999,Consumer
2010-03-17,AMZN,131.34,Consumer
2010-03-18,AMZN,132.75999,Consumer
2010-03-19,AMZN,130.35001,Consumer
2010-03-22,AMZN,130.47,Consumer
2010-03-23,AMZN,129.25999,Consumer
2010-03-24,AMZN,128.03999,Consumer
2010-03-25,AMZN,134.73,Consumer
2010-03-26,AMZN,135.06,Consumer
2010-03-29,AMZN,135.12,Consumer
2010-03-30,AMZN,136.57899,Consumer
2010-03-31,AMZN,135.77,Consumer
2010-04-01,AMZN,131.81,Consumer
2010-04-05,AMZN,131.49001,Consumer
2010-04-06,AMZN,135.56,Consumer
2010-04-07,AMZN,134.87,Consumer
2010-04-08,AMZN,140.96001,Consumer
2010-04-09,AMZN,140.06,Consumer
2010-04-12,AMZN,141.2,Consumer
2010-04-13,AMZN,140.16,Consumer
2010-04-14,AMZN,144.28,Consumer
2010-04-15,AMZN,145.82001,Consumer
2010-04-16,AMZN,142.17101,Consumer
2010-04-19,AMZN,142.42999,Consumer
2010-04-20,AMZN,144.2,Consumer
2010-04-21,AMZN,146.42999,Consumer
2010-04-22,AMZN,150.09,Consumer
2010-04-23,AMZN,143.63,Consumer
2010-04-26,AMZN,147.11,Consumer
2010-04-27,AMZN,142.02,Consumer
2010-04-28,AMZN,139.35001,Consumer
2010-04-29,AMZN,141.73,Consumer
2010-04-30,AMZN,137.10001,Consumer
2010-05-03,AMZN,137.49001,Consumer
2010-05-04,AMZN,129.83,Consumer
2010-05-05,AMZN,130.92999,Consumer
2010-05-06,AMZN,128.71001,Consumer
2010-05-07,AMZN,124.98,Consumer
2010-05-10,AMZN,131.28999,Consumer
2010-05-11,AMZN,130.46001,Consumer
2010-05-12,AMZN,133.87,Consumer
2010-05-13,AMZN,131.47,Consumer
2010-05-14,AMZN,128.533,Consumer
2010-05-17,AMZN,128.91,Consumer
2010-05-18,AMZN,126.28,Consumer
2010-05-19,AMZN,124.59,Consumer
2010-05-20,AMZN,119.71,Consumer
2010-05-21,AMZN,122.72,Consumer
2010-05-24,AMZN,122.12,Consumer
2010-05-25,AMZN,124.86,Consumer
2010-05-26,AMZN,123.21,Consumer
2010-05-27,AMZN,126.7,Consumer
2010-05-28,AMZN,125.46,Consumer
2010-06-01,AMZN,123.24,Consumer
2010-06-02,AMZN,126.31,Consumer
2010-06-03,AMZN,128.75999,Consumer
2010-06-04,AMZN,122.77,Consumer
2010-06-07,AMZN,122.01,Consumer
2010-06-08,AMZN,118.835,Consumer
2010-06-09,AMZN,117.91,Consumer
2010-06-10,AMZN,123.21,Consumer
2010-06-11,AMZN,123.03,Consumer
2010-06-14,AMZN,123.83,Consumer
2010-06-15,AMZN,126.84,Consumer
2010-06-16,AMZN,126.9,Consumer
2010-06-17,AMZN,125.89,Consumer
2010-06-18,AMZN,125.83,Consumer
2010-06-21,AMZN,122.55,Consumer
2010-06-22,AMZN,122.307,Consumer
2010-06-23,AMZN,121.45,Consumer
2010-06-24,AMZN,118.33,Consumer
2010-06-25,AMZN,121,Consumer
2010-06-28,AMZN,117.8,Consumer
2010-06-29,AMZN,108.61,Consumer
2010-06-30,AMZN,109.26,Consumer
2010-07-01,AMZN,110.96,Consumer
2010-07-02,AMZN,109.14,Consumer
2010-07-06,AMZN,110.06,Consumer
2010-07-07,AMZN,113.43,Consumer
2010-07-08,AMZN,116.22,Consumer
2010-07-09,AMZN,117.26,Consumer
2010-07-12,AMZN,119.51,Consumer
2010-07-13,AMZN,123.65,Consumer
2010-07-14,AMZN,123.3,Consumer
2010-07-15,AMZN,122.06,Consumer
2010-07-16,AMZN,118.49,Consumer
2010-07-19,AMZN,119.94,Consumer
2010-07-20,AMZN,120.1,Consumer
2010-07-21,AMZN,117.43,Consumer
2010-07-22,AMZN,120.07,Consumer
2010-07-23,AMZN,118.87,Consumer
2010-07-26,AMZN,118.4,Consumer
2010-07-27,AMZN,117.13,Consumer
2010-07-28,AMZN,117.13,Consumer
2010-07-29,AMZN,116.86,Consumer
2010-07-30,AMZN,117.89,Consumer
2010-08-02,AMZN,120.07,Consumer
2010-08-03,AMZN,122.42,Consumer
2010-08-04,AMZN,127.58,Consumer
2010-08-05,AMZN,127.83,Consumer
2010-08-06,AMZN,128.32001,Consumer
2010-08-09,AMZN,128.83,Consumer
2010-08-10,AMZN,130,Consumer
2010-08-11,AMZN,125.89,Consumer
2010-08-12,AMZN,126.56,Consumer
2010-08-13,AMZN,124.69,Consumer
2010-08-16,AMZN,126.07,Consumer
2010-08-17,AMZN,128.86,Consumer
2010-08-18,AMZN,129.64999,Consumer
2010-08-19,AMZN,127.57,Consumer
2010-08-20,AMZN,127.76,Consumer
2010-08-23,AMZN,126.6,Consumer
2010-08-24,AMZN,124.53,Consumer
2010-08-25,AMZN,126.85,Consumer
2010-08-26,AMZN,124.86,Consumer
2010-08-27,AMZN,126.64,Consumer
2010-08-30,AMZN,123.79,Consumer
2010-08-31,AMZN,124.83,Consumer
2010-09-01,AMZN,132.49001,Consumer
2010-09-02,AMZN,135.21001,Consumer
2010-09-03,AMZN,138.78999,Consumer
2010-09-07,AMZN,137.22,Consumer
2010-09-08,AMZN,139.14,Consumer
2010-09-09,AMZN,140.38,Consumer
2010-09-10,AMZN,142.44,Consumer
2010-09-13,AMZN,145.07001,Consumer
2010-09-14,AMZN,145.75,Consumer
2010-09-15,AMZN,145.45,Consumer
2010-09-16,AMZN,148.13,Consumer
2010-09-17,AMZN,148.325,Consumer
2010-09-20,AMZN,151.30479,Consumer
2010-09-21,AMZN,150.73,Consumer
2010-09-22,AMZN,151.83,Consumer
2010-09-23,AMZN,152.85001,Consumer
2010-09-24,AMZN,160.73,Consumer
2010-09-27,AMZN,159.37,Consumer
2010-09-28,AMZN,159.7,Consumer
2010-09-29,AMZN,158.99001,Consumer
2010-09-30,AMZN,157.06,Consumer
2010-10-01,AMZN,153.71001,Consumer
2010-10-04,AMZN,155.39,Consumer
2010-10-05,AMZN,160.87,Consumer
2010-10-06,AMZN,155.39999,Consumer
2010-10-07,AMZN,156.27,Consumer
2010-10-08,AMZN,155.55,Consumer
2010-10-11,AMZN,153.03,Consumer
2010-10-12,AMZN,156.48,Consumer
2010-10-13,AMZN,155.17,Consumer
2010-10-14,AMZN,155.53,Consumer
2010-10-15,AMZN,164.64,Consumer
2010-10-18,AMZN,163.56,Consumer
2010-10-19,AMZN,158.67,Consumer
2010-10-20,AMZN,158.67,Consumer
2010-10-21,AMZN,164.97,Consumer
2010-10-22,AMZN,169.13,Consumer
2010-10-25,AMZN,169,Consumer
2010-10-26,AMZN,169.95,Consumer
2010-10-27,AMZN,167.50999,Consumer
2010-10-28,AMZN,166.84,Consumer
2010-10-29,AMZN,165.23,Consumer
2010-11-01,AMZN,162.58,Consumer
2010-11-02,AMZN,164.61,Consumer
2010-11-03,AMZN,168.47,Consumer
2010-11-04,AMZN,168.92999,Consumer
2010-11-05,AMZN,170.77,Consumer
2010-11-08,AMZN,171.99001,Consumer
2010-11-09,AMZN,170.27,Consumer
2010-11-10,AMZN,173.33,Consumer
2010-11-11,AMZN,170.37,Consumer
2010-11-12,AMZN,165.67999,Consumer
2010-11-15,AMZN,158.89999,Consumer
2010-11-16,AMZN,157.78,Consumer
2010-11-17,AMZN,158.35001,Consumer
2010-11-18,AMZN,164.17,Consumer
2010-11-19,AMZN,164.82001,Consumer
2010-11-22,AMZN,170.39,Consumer
2010-11-23,AMZN,168.2,Consumer
2010-11-24,AMZN,177.25,Consumer
2010-11-26,AMZN,177.5,Consumer
2010-11-29,AMZN,179.49001,Consumer
2010-11-30,AMZN,175.39999,Consumer
2010-12-01,AMZN,176.55,Consumer
2010-12-02,AMZN,176.53,Consumer
2010-12-03,AMZN,175.67999,Consumer
2010-12-06,AMZN,178.05,Consumer
2010-12-07,AMZN,176.77,Consumer
2010-12-08,AMZN,176.28999,Consumer
2010-12-09,AMZN,174.85001,Consumer
2010-12-10,AMZN,175.62,Consumer
2010-12-13,AMZN,174.25,Consumer
2010-12-14,AMZN,173.94,Consumer
2010-12-15,AMZN,175.57001,Consumer
2010-12-16,AMZN,178.03999,Consumer
2010-12-17,AMZN,177.58,Consumer
2010-12-20,AMZN,183.28999,Consumer
2010-12-21,AMZN,184.75,Consumer
2010-12-22,AMZN,184.75999,Consumer
2010-12-23,AMZN,182.59,Consumer
2010-12-27,AMZN,182.14,Consumer
2010-12-28,AMZN,181.09,Consumer
2010-12-29,AMZN,183.37,Consumer
2010-12-30,AMZN,182.75,Consumer
2010-12-31,AMZN,180,Consumer
2010-01-04,GS,173.08,Financial
2010-01-05,GS,176.14,Financial
2010-01-06,GS,174.25999,Financial
2010-01-07,GS,177.67,Financial
2010-01-08,GS,174.31,Financial
2010-01-11,GS,171.56,Financial
2010-01-12,GS,167.82001,Financial
2010-01-13,GS,169.07001,Financial
2010-01-14,GS,168.53,Financial
2010-01-15,GS,165.21001,Financial
2010-01-19,GS,166.86,Financial
2010-01-20,GS,167.78999,Financial
2010-01-21,GS,160.87,Financial
2010-01-22,GS,154.12,Financial
2010-01-25,GS,154.98,Financial
2010-01-26,GS,150.88,Financial
2010-01-27,GS,151.5,Financial
2010-01-28,GS,153.28999,Financial
2010-01-29,GS,148.72,Financial
2010-02-01,GS,153.13,Financial
2010-02-02,GS,156.94,Financial
2010-02-03,GS,157.23,Financial
2010-02-04,GS,150.67999,Financial
2010-02-05,GS,154.16,Financial
2010-02-08,GS,151.10001,Financial
2010-02-09,GS,152.49001,Financial
2010-02-10,GS,153.63,Financial
2010-02-11,GS,154.05,Financial
2010-02-12,GS,153.92999,Financial
2010-02-16,GS,157.39999,Financial
2010-02-17,GS,157.25999,Financial
2010-02-18,GS,155.73,Financial
2010-02-19,GS,156.17999,Financial
2010-02-22,GS,156.71001,Financial
2010-02-23,GS,156.7,Financial
2010-02-24,GS,158.33,Financial
2010-02-25,GS,156.44,Financial
2010-02-26,GS,156.35001,Financial
2010-03-01,GS,156.53999,Financial
2010-03-02,GS,158.75,Financial
2010-03-03,GS,157.72,Financial
2010-03-04,GS,163.61,Financial
2010-03-05,GS,167.17999,Financial
2010-03-08,GS,169.84,Financial
2010-03-09,GS,168.85001,Financial
2010-03-10,GS,171.94,Financial
2010-03-11,GS,173.50999,Financial
2010-03-12,GS,174.96001,Financial
2010-03-15,GS,173.53,Financial
2010-03-16,GS,176.19,Financial
2010-03-17,GS,176.64,Financial
2010-03-18,GS,177.45,Financial
2010-03-19,GS,177.89999,Financial
2010-03-22,GS,176.1575,Financial
2010-03-23,GS,174.83,Financial
2010-03-24,GS,174.41,Financial
2010-03-25,GS,174.89999,Financial
2010-03-26,GS,172.87,Financial
2010-03-29,GS,174.05,Financial
2010-03-30,GS,171.38,Financial
2010-03-31,GS,170.63,Financial
2010-04-01,GS,170.22,Financial
2010-04-05,GS,173.16,Financial
2010-04-06,GS,172.89999,Financial
2010-04-07,GS,176.36,Financial
2010-04-08,GS,179.5,Financial
2010-04-09,GS,179.12,Financial
2010-04-12,GS,177.84,Financial
2010-04-13,GS,179.25,Financial
2010-04-14,GS,184.92,Financial
2010-04-15,GS,184.27,Financial
2010-04-16,GS,160.7,Financial
2010-04-19,GS,163.32001,Financial
2010-04-20,GS,159.98,Financial
2010-04-21,GS,158.92999,Financial
2010-04-22,GS,159.05,Financial
2010-04-23,GS,157.39999,Financial
2010-04-26,GS,152.03,Financial
2010-04-27,GS,153.03999,Financial
2010-04-28,GS,157.00999,Financial
2010-04-29,GS,160.24001,Financial
2010-04-30,GS,145.2,Financial
2010-05-03,GS,149.5,Financial
2010-05-04,GS,149.45,Financial
2010-05-05,GS,148.19,Financial
2010-05-06,GS,142.32001,Financial
2010-05-07,GS,142.99001,Financial
2010-05-10,GS,143.83,Financial
2010-05-11,GS,141.97,Financial
2010-05-12,GS,147.2,Financial
2010-05-13,GS,144.64999,Financial
2010-05-14,GS,143.23,Financial
2010-05-17,GS,142.64,Financial
2010-05-18,GS,137.36,Financial
2010-05-19,GS,140.10001,Financial
2010-05-20,GS,136.10001,Financial
2010-05-21,GS,140.62,Financial
2010-05-24,GS,136.69,Financial
2010-05-25,GS,142.56,Financial
2010-05-26,GS,140.3,Financial
2010-05-27,GS,144.95,Financial
2010-05-28,GS,144.25999,Financial
2010-06-01,GS,141.86,Financial
2010-06-02,GS,144.83,Financial
2010-06-03,GS,144.03999,Financial
2010-06-04,GS,142.25,Financial
2010-06-07,GS,138.67999,Financial
2010-06-08,GS,137.78,Financial
2010-06-09,GS,136.8,Financial
2010-06-10,GS,133.77,Financial
2010-06-11,GS,135.64,Financial
2010-06-14,GS,133.44,Financial
2010-06-15,GS,136.89999,Financial
2010-06-16,GS,137.06,Financial
2010-06-17,GS,137.32001,Financial
2010-06-18,GS,138.17999,Financial
2010-06-21,GS,137.74001,Financial
2010-06-22,GS,134.78999,Financial
2010-06-23,GS,135.07001,Financial
2010-06-24,GS,134.98,Financial
2010-06-25,GS,139.66,Financial
2010-06-28,GS,136.66,Financial
2010-06-29,GS,133.75999,Financial
2010-06-30,GS,131.27,Financial
2010-07-01,GS,131.14,Financial
2010-07-02,GS,131.08,Financial
2010-07-06,GS,132.25999,Financial
2010-07-07,GS,135.83,Financial
2010-07-08,GS,135.46001,Financial
2010-07-09,GS,138.06,Financial
2010-07-12,GS,137.25,Financial
2010-07-13,GS,140.25,Financial
2010-07-14,GS,139.06,Financial
2010-07-15,GS,145.22,Financial
2010-07-16,GS,146.17,Financial
2010-07-19,GS,145.67999,Financial
2010-07-20,GS,148.91,Financial
2010-07-21,GS,146.99001,Financial
2010-07-22,GS,146.55,Financial
2010-07-23,GS,147.38,Financial
2010-07-26,GS,148.2,Financial
2010-07-27,GS,147.23,Financial
2010-07-28,GS,147.2,Financial
2010-07-29,GS,152.58,Financial
2010-07-30,GS,150.82001,Financial
2010-08-02,GS,152.74001,Financial
2010-08-03,GS,153.19,Financial
2010-08-04,GS,156.41,Financial
2010-08-05,GS,155.92,Financial
2010-08-06,GS,155.17999,Financial
2010-08-09,GS,155.39999,Financial
2010-08-10,GS,153.89999,Financial
2010-08-11,GS,149.25,Financial
2010-08-12,GS,149.42,Financial
2010-08-13,GS,148.08,Financial
2010-08-16,GS,147.75999,Financial
2010-08-17,GS,148.59,Financial
2010-08-18,GS,149.2,Financial
2010-08-19,GS,147.05,Financial
2010-08-20,GS,148.24001,Financial
2010-08-23,GS,146.74001,Financial
2010-08-24,GS,143.95,Financial
2010-08-25,GS,144.67999,Financial
2010-08-26,GS,141.81,Financial
2010-08-27,GS,139.75,Financial
2010-08-30,GS,136.66,Financial
2010-08-31,GS,136.92999,Financial
2010-09-01,GS,139.74001,Financial
2010-09-02,GS,139.78,Financial
2010-09-03,GS,147.28999,Financial
2010-09-07,GS,145.21001,Financial
2010-09-08,GS,147.53999,Financial
2010-09-09,GS,149.14,Financial
2010-09-10,GS,150.39,Financial
2010-09-13,GS,154.37,Financial
2010-09-14,GS,152.53,Financial
2010-09-15,GS,152.56,Financial
2010-09-16,GS,152.23,Financial
2010-09-17,GS,150.98,Financial
2010-09-20,GS,151.89999,Financial
2010-09-21,GS,151.39999,Financial
2010-09-22,GS,148.07001,Financial
2010-09-23,GS,144.91,Financial
2010-09-24,GS,147.28,Financial
2010-09-27,GS,146,Financial
2010-09-28,GS,145.00999,Financial
2010-09-29,GS,144.42,Financial
2010-09-30,GS,144.58,Financial
2010-10-01,GS,147.7,Financial
2010-10-04,GS,146.57001,Financial
2010-10-05,GS,149.57001,Financial
2010-10-06,GS,150.84,Financial
2010-10-07,GS,151.11,Financial
2010-10-08,GS,152.66,Financial
2010-10-11,GS,152.2,Financial
2010-10-12,GS,155.21001,Financial
2010-10-13,GS,154.73,Financial
2010-10-14,GS,151.59,Financial
2010-10-15,GS,150.69,Financial
2010-10-18,GS,153.7,Financial
2010-10-19,GS,156.72,Financial
2010-10-20,GS,159.60001,Financial
2010-10-21,GS,159.3,Financial
2010-10-22,GS,157.75999,Financial
2010-10-25,GS,157.39,Financial
2010-10-26,GS,158.28999,Financial
2010-10-27,GS,160.14999,Financial
2010-10-28,GS,163.24001,Financial
2010-10-29,GS,161.13,Financial
2010-11-01,GS,161.57001,Financial
2010-11-02,GS,162.82001,Financial
2010-11-03,GS,162.63,Financial
2010-11-04,GS,166.39,Financial
2010-11-05,GS,171.07001,Financial
2010-11-08,GS,169.2,Financial
2010-11-09,GS,166.55,Financial
2010-11-10,GS,167.22,Financial
2010-11-11,GS,167.71001,Financial
2010-11-12,GS,165.83,Financial
2010-11-15,GS,167.22,Financial
2010-11-16,GS,165.10001,Financial
2010-11-17,GS,164.89,Financial
2010-11-18,GS,167.35001,Financial
2010-11-19,GS,166.67,Financial
2010-11-22,GS,161.05,Financial
2010-11-23,GS,157.78,Financial
2010-11-24,GS,160.25999,Financial
2010-11-26,GS,158.22,Financial
2010-11-29,GS,159.28,Financial
2010-11-30,GS,156.14,Financial
2010-12-01,GS,158.45,Financial
2010-12-02,GS,162.5,Financial
2010-12-03,GS,162.31,Financial
2010-12-06,GS,162.64999,Financial
2010-12-07,GS,161.59,Financial
2010-12-08,GS,166.14,Financial
2010-12-09,GS,166.45,Financial
2010-12-10,GS,168.47,Financial
2010-12-13,GS,169.48,Financial
2010-12-14,GS,167.33,Financial
2010-12-15,GS,165.21001,Financial
2010-12-16,GS,164.46001,Financial
2010-12-17,GS,164.03999,Financial
2010-12-20,GS,166.05,Financial
2010-12-21,GS,168.23,Financial
2010-12-22,GS,169.60001,Financial
2010-12-23,GS,167.60001,Financial
2010-12-27,GS,169.83,Financial
2010-12-28,GS,169.19,Financial
2010-12-29,GS,167.63,Financial
2010-12-30,GS,167.64,Financial
2010-12-31,GS,168.16,Financial
